time,psn,diffPressure,volumePercentage,vacuumTransducerDegreeOne,currentVolume,unit,weight,height,pressure,medium,mediumName,color,tankType,tankTypeName,gpsLongitude,gpsLatitude,gpsAddress,temperature,temperatureOne,temperatureTwo,temperatureThree,electricityPercentage,currentVoltage,batteryCapacity,currentCapacity,currentChargingCurrent,illuminationIntensity,standardVolumeTotal,standardFlow,workingFlow,flowTemperature,flowPressure,duration,x,y
2022-12-22 16:23:05,2021121390001,0.007,45.57,0,7.419,m³,6009,792,0.206,2,LIN,#590707,1,卧式,120.6470195,31.54897998,江苏省苏州市常熟市S228(苏虞张公路),7421,-79,-74,149,100,4.27,3000,3000,16,29222,650,0,0,-69,0,0,120.651253,31.5469
2022-12-22 16:18:05,2021121390001,0.007,46.94,0,7.642,m³,6190,810,0.205,2,LIN,#590707,1,卧式,120.6356042,31.52519417,江苏省苏州市相城区聚峰路,7416,-89,-85,149,100,4.27,3000,3000,16,29222,650,0,0,-78,0,0,120.639818,31.523094
2022-12-22 16:13:05,2021121390001,0.007,43.21,0,7.035,m³,5698,761,0.206,2,LIN,#590707,1,卧式,120.6226149,31.54077111,江苏省苏州市相城区广济北路,7411,-100,-99,149,100,4.27,3000,3000,16,29222,650,0,0,-90,0,0,120.626814,31.538657
2022-12-22 16:03:24,2021121390001,0.007,44.7,0,7.277,m³,5894,781,0.299,2,LIN,#590707,1,卧式,120.6204424,31.54860283,江苏省苏州市相城区灵埂路,7401,-133,-136,149,100,4.27,3000,3000,16,29222,650,0,0,-132,0,0,120.62464,31.546487
2022-12-22 15:58:05,2021121390001,0.007,45.57,0,7.419,m³,6009,792,0.286,2,LIN,#590707,1,卧式,120.6204184,31.54858495,江苏省苏州市相城区灵埂路,7396,-126,-162,149,100,4.27,3000,3000,16,29222,529,99,0,-171,0,0,120.624616,31.546469
2022-12-22 15:53:05,2021121390001,0.008,47.81,0,7.784,m³,6305,821,0.281,2,LIN,#590707,1,卧式,120.6203942,31.54856328,江苏省苏州市相城区灵埂路,7391,-112,-142,149,100,4.27,3000,3000,16,29222,75,86,0,-170,0,0,120.624592,31.546447
2022-12-22 15:48:05,2021121390001,0.008,49.56,0,8.069,m³,6535,844,0.217,2,LIN,#590707,1,卧式,120.6203863,31.54855931,江苏省苏州市相城区灵埂路,7386,-94,-120,149,100,4.27,3000,3000,16,29222,128,0,0,-129,0,0,120.624584,31.546443
2022-12-22 15:43:06,2021121390001,0.008,49.94,0,8.13,m³,6585,849,0.174,2,LIN,#590707,1,卧式,120.6203781,31.54855562,江苏省苏州市相城区灵埂路,7381,-72,-60,149,100,4.27,3000,3000,16,29222,3,55,0,-143,0,0,120.624576,31.54644
2022-12-22 15:38:05,2021121390001,0.008,48.07,0,7.825,m³,6338,824,0.161,2,LIN,#590707,1,卧式,120.6203614,31.5478317,江苏省苏州市相城区灵埂路,7376,-69,-67,149,100,4.27,3000,3000,16,29222,675,0,0,-63,0,0,120.624559,31.545716
2022-12-22 15:33:05,2021121390001,0.005,31.04,0,5.054,m³,4093,599,0.161,2,LIN,#590707,1,卧式,120.6230489,31.52772627,江苏省苏州市相城区聚峰路,7371,-78,-78,149,100,4.27,3000,3000,16,29222,675,0,0,-72,0,0,120.627247,31.525611
2022-12-22 15:28:06,2021121390001,0.008,51.81,0,8.435,m³,6832,873,0.16,2,LIN,#590707,1,卧式,120.6382052,31.51197533,江苏省苏州市相城区S228(苏虞张公路),7366,-89,-91,149,100,4.27,3000,3000,16,29222,675,0,0,-84,0,0,120.642421,31.509877
2022-12-22 15:23:05,2021121390001,0.008,52.31,0,8.516,m³,6897,880,0.161,2,LIN,#590707,1,卧式,120.6436338,31.48683092,江苏省苏州市相城区创新路,7361,-102,-108,149,100,4.27,3000,3000,16,29222,675,0,0,-102,0,0,120.647857,31.484737
2022-12-22 15:18:06,2021121390001,0.008,49.06,0,7.987,m³,6469,837,0.169,2,LIN,#590707,1,卧式,120.664857,31.48585304,江苏省苏州市相城区爱豪格路162,7356,-118,-127,149,100,4.27,3000,3000,16,29222,675,0,0,-124,0,0,120.66912,31.483797
2022-12-22 15:13:05,2021121390001,0.008,49.31,0,8.028,m³,6502,841,0.245,2,LIN,#590707,1,卧式,120.6636698,31.48612378,江苏省苏州市相城区爱格豪路,7351,-127,-156,149,100,4.27,3000,3000,16,29222,675,0,0,-165,0,0,120.667931,31.484065
2022-12-22 15:08:06,2021121390001,0.008,52.18,0,8.495,m³,6880,878,0.224,2,LIN,#590707,1,卧式,120.6636698,31.48612595,江苏省苏州市相城区爱格豪路,7346,-115,-153,149,100,4.27,3000,3000,16,29222,293,93,0,-172,0,0,120.667931,31.484067
2022-12-22 14:58:11,2021121390001,0.008,54.55,0,8.881,m³,7193,909,0.143,2,LIN,#590707,1,卧式,120.6637179,31.48613557,江苏省苏州市相城区爱格豪路,7336,-42,-36,149,100,4.27,3000,3000,16,29222,1466,0,0,-40,0,0,120.667979,31.484077
2022-12-22 14:53:08,2021121390001,0.008,54.3,0,8.84,m³,7160,906,0.143,2,LIN,#590707,1,卧式,120.664689,31.48524308,江苏省苏州市相城区爱格豪路164号,7331,-47,-41,149,100,4.27,3000,3000,16,29222,1466,0,0,-44,0,0,120.668952,31.483186
2022-12-22 14:48:06,2021121390001,0.01,64.77,0,10.544,m³,8540,1044,0.143,2,LIN,#590707,1,卧式,120.6543473,31.48690554,江苏省苏州市相城区,7326,-51,-48,149,100,4.27,3000,3000,16,29222,1466,0,0,-49,0,0,120.65859,31.48483
2022-12-22 14:43:05,2021121390001,0.009,59.63,0,9.708,m³,7863,975,0.145,2,LIN,#590707,1,卧式,120.6361231,31.49016448,江苏省苏州市相城区S228(苏虞张公路),7321,-57,-54,149,100,4.27,3000,3000,16,29222,1466,0,0,-56,0,0,120.640334,31.48806
2022-12-22 14:38:06,2021121390001,0.009,61.48,0,10.008,m³,8106,1000,0.143,2,LIN,#590707,1,卧式,120.6521185,31.49089325,江苏省苏州市相城区S17(苏台高速),7316,-64,-63,149,100,4.27,3000,3000,16,29222,1466,0,0,-62,0,0,120.656357,31.488814
2022-12-22 14:33:06,2021121390001,0.008,48.32,0,7.866,m³,6371,828,0.143,2,LIN,#590707,1,卧式,120.7006705,31.49926107,江苏省苏州市相城区渭塘互通,7311,-73,-73,149,100,4.27,3000,3000,16,29222,1466,0,0,-69,0,0,120.705006,31.497272
2022-12-22 14:28:06,2021121390001,0.009,55.67,0,9.063,m³,7341,923,0.145,2,LIN,#590707,1,卧式,120.6944728,31.49887439,江苏省苏州市相城区石田路,7306,-83,-84,149,100,4.27,3000,3000,16,29222,1466,0,0,-80,0,0,120.698797,31.496875
2022-12-22 14:23:06,2021121390001,0.008,54.55,0,8.881,m³,7193,909,0.143,2,LIN,#590707,1,卧式,120.7286817,31.5105211,江苏省苏州市相城区西横港街7号,7301,-95,-98,149,100,4.27,3000,3000,16,29222,1466,0,0,-92,0,0,120.733056,31.508569
2022-12-22 14:18:06,2021121390001,0.009,55.43,0,9.023,m³,7308,920,0.151,2,LIN,#590707,1,卧式,120.7436179,31.52294921,江苏省苏州市相城区X202(湘陆路),7296,-110,-115,149,100,4.27,3000,3000,16,29222,1466,0,0,-112,0,0,120.748002,31.521006
2022-12-22 14:13:06,2021121390001,0.009,58.4,0,9.507,m³,7700,959,0.276,2,LIN,#590707,1,卧式,120.7430869,31.52385065,江苏省苏州市相城区X202(湘陆路),7291,-128,-139,149,100,4.27,3000,3000,16,29222,1466,0,0,-141,0,0,120.747471,31.521908
2022-12-22 14:08:06,2021121390001,0.009,58.03,0,9.447,m³,7652,954,0.267,2,LIN,#590707,1,卧式,120.7430869,31.52384848,江苏省苏州市相城区X202(湘陆路),7286,-121,-162,149,100,4.27,3000,3000,16,29222,1255,115,0,-174,0,0,120.747471,31.521906
2022-12-22 14:03:06,2021121390001,0.01,63.19,0,10.287,m³,8332,1022,0.286,2,LIN,#590707,1,卧式,120.7430869,31.52385065,江苏省苏州市相城区X202(湘陆路),7281,-109,-156,149,100,4.27,3000,3000,16,29222,681,115,0,-173,0,0,120.747471,31.521908
2022-12-22 13:58:06,2021121390001,0.01,68.6,0,11.168,m³,9046,1096,0.327,2,LIN,#590707,1,卧式,120.7430869,31.52384658,江苏省苏州市相城区X202(湘陆路),7276,-81,-102,149,100,4.27,3000,3000,16,29222,106,113,0,-171,0,0,120.747471,31.521904
2022-12-22 13:53:06,2021121390001,0.011,70.49,0,11.475,m³,9294,1122,0.352,2,LIN,#590707,1,卧式,120.7430951,31.52384429,江苏省苏州市相城区X202(湘陆路),7271,-55,-62,149,100,4.27,3000,3000,16,29222,0,0,0,-94,0,0,120.747479,31.521901
2022-12-22 13:48:06,2021121390001,0.01,69.78,0,11.36,m³,9201,1112,0.345,2,LIN,#590707,1,卧式,120.7430951,31.52384429,江苏省苏州市相城区X202(湘陆路),7266,-65,-58,149,100,4.27,3000,3000,16,29222,0,0,0,-94,0,0,120.747479,31.521901
2022-12-22 13:43:06,2021121390001,0.01,69.43,0,11.303,m³,9155,1107,0.303,2,LIN,#590707,1,卧式,120.7430951,31.52384646,江苏省苏州市相城区X202(湘陆路),7261,-42,-33,149,100,4.27,3000,3000,16,29222,0,0,0,-66,0,0,120.747479,31.521904
2022-12-22 13:38:06,2021121390001,0.01,70.02,0,11.399,m³,9233,1115,0.299,2,LIN,#590707,1,卧式,120.7430869,31.52382651,江苏省苏州市相城区X202(湘陆路),7256,-40,-29,149,100,4.27,3000,3000,16,29222,0,0,0,-78,0,0,120.747471,31.521884
2022-12-22 13:33:06,2021121390001,0.01,69.08,0,11.245,m³,9108,1102,0.285,2,LIN,#590707,1,卧式,120.7430869,31.52382651,江苏省苏州市相城区X202(湘陆路),7251,-32,-26,149,100,4.27,3000,3000,16,29222,0,0,0,-51,0,0,120.747471,31.521884
2022-12-22 13:28:06,2021121390001,0.011,70.49,0,11.475,m³,9294,1122,0.287,2,LIN,#590707,1,卧式,120.7430309,31.52381349,江苏省苏州市相城区X202(湘陆路),7246,-35,-26,149,100,4.27,3000,3000,16,29222,0,0,0,-91,0,0,120.747415,31.521871
2022-12-22 13:23:06,2021121390001,0.01,69.08,0,11.245,m³,9108,1102,0.273,2,LIN,#590707,1,卧式,120.7430711,31.5238167,江苏省苏州市相城区X202(湘陆路),7241,-26,-27,149,100,4.27,3000,3000,16,29222,0,0,0,-40,0,0,120.747455,31.521874
2022-12-22 13:18:07,2021121390001,0.01,68.84,0,11.207,m³,9077,1099,0.275,2,LIN,#590707,1,卧式,120.743079,31.52381659,江苏省苏州市相城区X202(湘陆路),7236,-30,-33,149,100,4.27,3000,3000,16,29222,0,0,0,-61,0,0,120.747463,31.521874
2022-12-22 13:13:06,2021121390001,0.01,69.43,0,11.303,m³,9155,1107,0.265,2,LIN,#590707,1,卧式,120.7430869,31.52381647,江苏省苏州市相城区X202(湘陆路),7231,-24,-38,149,100,4.27,3000,3000,16,29222,0,0,0,-54,0,0,120.747471,31.521874
2022-12-22 13:08:07,2021121390001,0.01,66.21,0,10.779,m³,8730,1063,0.259,2,LIN,#590707,1,卧式,120.743063,31.52381302,江苏省苏州市相城区X202(湘陆路),7226,-22,-41,149,100,4.27,3000,3000,16,29222,0,0,0,-73,0,0,120.747447,31.52187
2022-12-22 13:03:06,2021121390001,0.01,67.17,0,10.935,m³,8857,1076,0.243,2,LIN,#590707,1,卧式,120.7430712,31.5238129,江苏省苏州市相城区X202(湘陆路),7221,-23,-41,149,100,4.27,3000,3000,16,29222,0,0,0,-95,0,0,120.747455,31.52187
2022-12-22 12:53:10,2021121390001,0.01,67.05,0,10.916,m³,8841,1074,0.207,2,LIN,#590707,1,卧式,120.7431191,31.52384205,江苏省苏州市相城区X202(湘陆路),7211,-20,-49,149,100,4.27,3000,3000,16,29222,0,0,0,-68,0,0,120.747503,31.521899
2022-12-22 12:48:09,2021121390001,0.01,66.69,0,10.857,m³,8794,1070,0.178,2,LIN,#590707,1,卧式,120.7431675,31.52382751,江苏省苏州市相城区X202(湘陆路),7206,-23,-57,149,100,4.27,3000,3000,16,29222,0,0,0,-81,0,0,120.747552,31.521885
2022-12-22 12:42:09,2021121390001,0.01,68.13,0,11.091,m³,8983,1089,0.132,2,LIN,#590707,1,卧式,120.7431675,31.52382941,江苏省苏州市相城区X202(湘陆路),7200,-18,-38,149,100,4.27,3000,3000,16,29222,0,0,0,-115,0,0,120.747552,31.521887
2022-12-22 12:39:06,2021121390001,0.01,67.53,0,10.994,m³,8905,1081,0.099,2,LIN,#590707,1,卧式,120.7431675,31.52383131,江苏省苏州市相城区X202(湘陆路),7197,-17,-4,149,100,4.27,3000,3000,16,29222,0,0,0,-13,0,0,120.747552,31.521888
2022-12-22 12:34:06,2021121390001,0.01,67.17,0,10.935,m³,8857,1076,0.099,2,LIN,#590707,1,卧式,120.7434814,31.52318881,江苏省苏州市相城区X202(湘陆路),7192,-19,-5,149,100,4.27,3000,3000,16,29222,2316,0,0,-10,0,0,120.747865,31.521246
2022-12-22 12:29:06,2021121390001,0.012,82.47,0,13.426,m³,10875,1297,0.098,2,LIN,#590707,1,卧式,120.7373824,31.51441804,江苏省苏州市相城区X202(湘陆路),7187,-21,-6,149,100,4.27,3000,3000,16,29222,2316,0,0,-11,0,0,120.741763,31.512472
2022-12-22 12:28:06,2021121390001,0.01,67.17,0,10.935,m³,8857,1076,0.099,2,LIN,#590707,1,卧式,120.731535,31.51150951,江苏省苏州市相城区石田路9,7186,-21,-7,149,100,4.27,3000,3000,16,29222,2316,0,0,-11,0,0,120.735912,31.509559
2022-12-22 12:23:06,2021121390001,0.011,75.88,0,12.353,m³,10005,1198,0.099,2,LIN,#590707,1,卧式,120.705231,31.50285271,江苏省苏州市相城区石田路,7181,-23,-8,149,100,4.27,3000,3000,16,29222,2316,0,0,-13,0,0,120.709575,31.500872
2022-12-22 12:18:06,2021121390001,0.01,68.01,0,11.071,m³,8967,1087,0.1,2,LIN,#590707,1,卧式,120.6980064,31.49929201,江苏省苏州市相城区石田路,7176,-25,-10,149,100,4.27,3000,3000,16,29222,2316,0,0,-15,0,0,120.702338,31.497299
2022-12-22 12:13:06,2021121390001,0.01,67.89,0,11.052,m³,8952,1086,0.1,2,LIN,#590707,1,卧式,120.6980064,31.49929201,江苏省苏州市相城区石田路,7171,-27,-12,149,100,4.27,3000,3000,16,29222,2316,0,0,-17,0,0,120.702338,31.497299
2022-12-22 12:08:06,2021121390001,0.01,68.36,0,11.129,m³,9014,1092,0.099,2,LIN,#590707,1,卧式,120.6980463,31.4993066,江苏省苏州市相城区石田路,7166,-29,-14,149,100,4.27,3000,3000,16,29222,2316,0,0,-19,0,0,120.702378,31.497314
2022-12-22 12:03:06,2021121390001,0.01,67.89,0,11.052,m³,8952,1086,0.099,2,LIN,#590707,1,卧式,120.6980463,31.4993066,江苏省苏州市相城区石田路,7161,-32,-16,149,100,4.27,3000,3000,16,29222,2316,0,0,-22,0,0,120.702378,31.497314
2022-12-22 11:58:06,2021121390001,0.01,67.77,0,11.032,m³,8935,1084,0.099,2,LIN,#590707,1,卧式,120.6980463,31.4993066,江苏省苏州市相城区石田路,7156,-35,-19,149,100,4.27,3000,3000,16,29222,2316,0,0,-24,0,0,120.702378,31.497314
2022-12-22 11:53:07,2021121390001,0.01,68.01,0,11.071,m³,8967,1087,0.099,2,LIN,#590707,1,卧式,120.6980463,31.4993066,江苏省苏州市相城区石田路,7151,-38,-22,149,100,4.27,3000,3000,16,29222,2316,0,0,-27,0,0,120.702378,31.497314
2022-12-22 11:48:07,2021121390001,0.01,67.77,0,11.032,m³,8935,1084,0.098,2,LIN,#590707,1,卧式,120.6980463,31.4993066,江苏省苏州市相城区石田路,7146,-42,-26,149,100,4.27,3000,3000,16,29222,2316,0,0,-31,0,0,120.702378,31.497314
2022-12-22 11:43:07,2021121390001,0.01,67.77,0,11.032,m³,8935,1084,0.098,2,LIN,#590707,1,卧式,120.6980304,31.49929843,江苏省苏州市相城区石田路,7141,-47,-31,149,100,4.27,3000,3000,16,29222,2316,0,0,-35,0,0,120.702362,31.497306
2022-12-22 11:38:07,2021121390001,0.01,68.49,0,11.149,m³,9030,1094,0.099,2,LIN,#590707,1,卧式,120.7025533,31.49930676,江苏省苏州市相城区渭塘互通,7136,-52,-37,149,100,4.27,3000,3000,16,29222,2316,0,0,-39,0,0,120.706893,31.497321
2022-12-22 11:29:07,2021121390001,0.01,66.69,0,10.857,m³,8794,1070,0.098,2,LIN,#590707,1,卧式,120.7990364,31.53962932,江苏省苏州市常熟市沙家浜互通,7127,-64,-50,149,100,4.27,3000,3000,16,29222,2316,0,0,-49,0,0,120.803374,31.537648
2022-12-22 11:24:07,2021121390001,0.01,65.61,0,10.681,m³,8651,1055,0.098,2,LIN,#590707,1,卧式,120.7899163,31.56220907,江苏省苏州市常熟市S227,7122,-72,-58,149,100,4.27,3000,3000,16,29222,2316,0,0,-55,0,0,120.794271,31.560243
2022-12-22 11:19:07,2021121390001,0.009,61.97,0,10.088,m³,8171,1006,0.098,2,LIN,#590707,1,卧式,120.7820011,31.5847879,江苏省苏州市常熟市S227,7117,-82,-69,149,100,4.27,3000,3000,16,29222,2316,0,0,-64,0,0,120.786369,31.582833
2022-12-22 11:18:07,2021121390001,0.01,66.21,0,10.779,m³,8730,1063,0.098,2,LIN,#590707,1,卧式,120.7805543,31.58804103,江苏省苏州市常熟市黄浦江路,7116,-84,-72,149,100,4.27,3000,3000,16,29222,2316,0,0,-66,0,0,120.784924,31.586088
2022-12-22 11:13:07,2021121390001,0.01,68.72,0,11.187,m³,9061,1097,0.098,2,LIN,#590707,1,卧式,120.8022082,31.59753736,江苏省苏州市常熟市黄浦江路,7111,-96,-84,149,100,4.27,3000,3000,16,29222,2316,0,0,-78,0,0,120.806544,31.595555
2022-12-22 11:08:07,2021121390001,0.009,60.99,0,9.928,m³,8041,993,0.099,2,LIN,#590707,1,卧式,120.8208502,31.58356535,江苏省苏州市常熟市庐山路,7106,-110,-101,149,100,4.27,3000,3000,16,29222,2316,0,0,-94,0,0,120.825147,31.581549
2022-12-22 11:03:07,2021121390001,0.01,68.13,0,11.091,m³,8983,1089,0.265,2,LIN,#590707,1,卧式,120.8235973,31.58080564,江苏省苏州市常熟市CM27(久隆路),7101,-127,-121,149,100,4.27,3000,3000,16,29222,2316,0,0,-117,0,0,120.827888,31.578784
2022-12-22 10:53:12,2021121390001,0.01,69.67,0,11.341,m³,9186,1110,0.248,2,LIN,#590707,1,卧式,120.8241368,31.57978823,江苏省苏州市常熟市CM27(久隆路),7091,-142,-166,149,100,4.27,3000,3000,16,29222,2300,58,0,-175,0,0,120.828426,31.577766
2022-12-22 10:48:08,2021121390001,0.011,71.66,0,11.665,m³,9448,1138,0.262,2,LIN,#590707,1,卧式,120.8241368,31.5797904,江苏省苏州市常熟市CM27(久隆路),7086,-141,-165,149,100,4.27,3000,3000,16,29222,1917,75,0,-176,0,0,120.828426,31.577768
2022-12-22 10:43:07,2021121390001,0.011,74.19,0,12.077,m³,9782,1173,0.285,2,LIN,#590707,1,卧式,120.8240971,31.57974955,江苏省苏州市常熟市CM27(久隆路),7081,-140,-164,149,100,4.27,3000,3000,16,29222,1566,64,0,-175,0,0,120.828387,31.577727
2022-12-22 10:38:07,2021121390001,0.011,77,0,12.535,m³,10153,1214,0.316,2,LIN,#590707,1,卧式,120.8240971,31.57975145,江苏省苏州市常熟市CM27(久隆路),7076,-139,-156,149,100,4.27,3000,3000,16,29222,1275,52,0,-174,0,0,120.828387,31.577729
2022-12-22 10:33:07,2021121390001,0.012,79.08,0,12.874,m³,10427,1245,0.254,2,LIN,#590707,1,卧式,120.8240893,31.57975348,江苏省苏州市常熟市CM27(久隆路),7071,-139,-154,149,100,4.27,3000,3000,16,29222,1223,0,0,-172,0,0,120.828379,31.577731
2022-12-22 10:28:07,2021121390001,0.011,76,0,12.372,m³,10021,1199,0.183,2,LIN,#590707,1,卧式,120.8240812,31.57977124,江苏省苏州市常熟市CM27(久隆路),7066,-136,-165,149,100,4.27,3000,3000,16,29222,1043,78,0,-177,0,0,120.828371,31.577749
2022-12-22 10:28:07,2021121390001,0.011,76,0,12.372,m³,10021,1199,0.183,2,LIN,#590707,1,卧式,120.8240812,31.57977124,江苏省苏州市常熟市CM27(久隆路),7066,-136,-165,149,100,4.27,3000,3000,16,29222,1043,78,0,-177,0,0,120.828371,31.577749
2022-12-22 10:23:07,2021121390001,0.012,79.3,0,12.909,m³,10456,1248,0.187,2,LIN,#590707,1,卧式,120.8240734,31.57977518,江苏省苏州市常熟市CM27(久隆路),7061,-131,-163,149,100,4.27,3000,3000,16,29222,664,71,0,-176,0,0,120.828363,31.577753
2022-12-22 10:18:07,2021121390001,0.012,81.85,0,13.325,m³,10793,1287,0.194,2,LIN,#590707,1,卧式,120.8240734,31.57977708,江苏省苏州市常熟市CM27(久隆路),7056,-121,-156,149,100,4.27,3000,3000,16,29222,329,60,0,-175,0,0,120.828363,31.577755
2022-12-22 10:13:07,2021121390001,0.013,84.61,0,13.773,m³,11156,1331,0.197,2,LIN,#590707,1,卧式,120.8240893,31.57975131,江苏省苏州市常熟市CM27(久隆路),7051,-101,-118,149,100,4.27,3000,3000,16,29222,65,43,0,-174,0,0,120.828379,31.577729
2022-12-22 10:13:07,2021121390001,0.013,84.61,0,13.773,m³,11156,1331,0.197,2,LIN,#590707,1,卧式,120.8240893,31.57975131,江苏省苏州市常熟市CM27(久隆路),7051,-101,-118,149,100,4.27,3000,3000,16,29222,65,43,0,-174,0,0,120.828379,31.577729
2022-12-22 10:08:07,2021121390001,0.013,85.1,0,13.854,m³,11221,1339,0.063,2,LIN,#590707,1,卧式,120.8241446,31.57975228,江苏省苏州市常熟市CM27(久隆路),7046,-42,-26,149,100,4.27,3000,3000,16,29222,0,0,0,-28,0,0,120.828434,31.57773
2022-12-22 10:03:12,2021121390001,0.013,85.2,0,13.87,m³,11234,1341,0.062,2,LIN,#590707,1,卧式,120.8241289,31.57972623,江苏省苏州市常熟市CM27(久隆路),7041,-48,-32,149,100,4.27,3000,3000,16,29222,0,0,0,-34,0,0,120.828419,31.577704
2022-12-22 09:58:07,2021121390001,0.013,84.51,0,13.757,m³,11143,1329,0.062,2,LIN,#590707,1,卧式,120.8237545,31.57876377,江苏省苏州市常熟市久隆路18,7036,-54,-40,149,100,4.27,3000,3000,16,29222,826,0,0,-40,0,0,120.828045,31.576742
2022-12-22 09:53:07,2021121390001,0.013,85.3,0,13.886,m³,11247,1342,0.062,2,LIN,#590707,1,卧式,120.8209971,31.57837077,江苏省苏州市常熟市CM27(久隆路),7031,-62,-49,149,100,4.27,3000,3000,16,29222,826,0,0,-47,0,0,120.825293,31.576354
2022-12-22 09:48:08,2021121390001,0.012,78.54,0,12.786,m³,10356,1237,0.062,2,LIN,#590707,1,卧式,120.8196872,31.59929728,江苏省苏州市常熟市庐山路,7026,-72,-61,149,100,4.27,3000,3000,16,29222,826,0,0,-59,0,0,120.823988,31.597284
2022-12-22 09:43:07,2021121390001,0.013,84.61,0,13.773,m³,11156,1331,0.117,2,LIN,#590707,1,卧式,120.8231259,31.60619842,江苏省苏州市常熟市金棠路,7021,-81,-76,149,100,4.27,3000,3000,16,29222,826,0,0,-75,0,0,120.82742,31.604179
2022-12-22 09:38:07,2021121390001,0.012,84,0,13.675,m³,11076,1321,0.184,2,LIN,#590707,1,卧式,120.8235864,31.60691971,江苏省苏州市常熟市金棠路,7016,-94,-96,149,100,4.27,3000,3000,16,29222,826,0,0,-99,0,0,120.827879,31.604899
2022-12-22 09:33:08,2021121390001,0.012,84.11,0,13.692,m³,11090,1323,0.187,2,LIN,#590707,1,卧式,120.8235786,31.6069155,江苏省苏州市常熟市金棠路,7010,-116,-133,149,100,4.27,3000,3000,16,29222,826,0,0,-154,0,0,120.827872,31.604895
2022-12-22 09:28:12,2021121390001,0.013,86.66,0,14.108,m³,11427,1365,0.121,2,LIN,#590707,1,卧式,120.8235151,31.60687423,江苏省苏州市常熟市金棠路,7010,-95,-142,149,100,4.27,3000,3000,16,29220,516,162,0,-179,0,0,120.827808,31.604854
2022-12-22 09:23:11,2021121390001,0.015,95.61,0,15.565,m³,12607,1540,0.186,2,LIN,#590707,1,卧式,120.8234992,31.60687395,江苏省苏州市常熟市金棠路,7001,-40,-11,149,100,4.27,3000,3000,16,29220,0,0,0,-167,0,0,120.827792,31.604854
2022-12-22 09:18:07,2021121390001,0.014,91.85,0,14.952,m³,12111,1459,0.057,2,LIN,#590707,1,卧式,120.8234992,31.60687801,江苏省苏州市常熟市金棠路,6996,-7,3,149,100,4.27,3000,3000,16,29220,0,0,0,3,0,0,120.827792,31.604858
2022-12-22 09:13:07,2021121390001,0.014,92.58,0,15.071,m³,12207,1474,0.056,2,LIN,#590707,1,卧式,120.823372,31.60687195,江苏省苏州市常熟市金棠路,6991,-8,3,149,100,4.27,3000,3000,16,29220,0,0,0,3,0,0,120.827666,31.604852
2022-12-22 09:08:07,2021121390001,0.014,93.21,0,15.174,m³,12290,1487,0.058,2,LIN,#590707,1,卧式,120.8232776,31.60435673,江苏省苏州市常熟市金门路1号,6986,-10,3,149,100,4.27,3000,3000,16,29220,0,0,0,2,0,0,120.827571,31.602337
2022-12-22 09:03:07,2021121390001,0.014,93.21,0,15.174,m³,12290,1487,0.058,2,LIN,#590707,1,卧式,120.8232776,31.60435863,江苏省苏州市常熟市金门路1号,6981,-11,3,149,100,4.27,3000,3000,16,29220,0,0,0,2,0,0,120.827571,31.602339
2022-12-22 08:58:07,2021121390001,0.014,93.29,0,15.186,m³,12300,1488,0.057,2,LIN,#590707,1,卧式,120.8233017,31.60435119,江苏省苏州市常熟市金门路1号,6976,-12,3,149,100,4.27,3000,3000,16,29220,0,0,0,2,0,0,120.827595,31.602331
2022-12-22 08:48:18,2021121390001,0.014,93.21,0,15.174,m³,12290,1487,0.056,2,LIN,#590707,1,卧式,120.8233095,31.60440124,江苏省苏州市常熟市金门路1号,6966,-15,2,149,100,4.27,3000,3000,16,29220,0,0,0,2,0,0,120.827603,31.602381
2022-12-22 08:43:53,2021121390001,0.016,100,0,16.278,m³,13185,1716,0.056,2,LIN,#590707,1,卧式,120.8198144,31.60056561,江苏省苏州市常熟市庐山路,6961,-17,2,149,100,4.27,3000,3000,16,29220,0,0,0,2,0,0,120.824115,31.598552
2022-12-22 08:43:12,2021121390001,0.016,100,0,16.278,m³,13185,1716,0.056,2,LIN,#590707,1,卧式,120.8198144,31.60056561,江苏省苏州市常熟市庐山路,6961,-17,2,149,100,4.27,3000,3000,16,29220,0,0,0,2,0,0,120.824115,31.598552
2022-12-22 08:38:07,2021121390001,0.014,93.13,0,15.161,m³,12280,1485,0.054,2,LIN,#590707,1,卧式,120.7873135,31.59062407,江苏省苏州市常熟市黄浦江路,6956,-19,2,149,100,4.27,3000,3000,16,29220,0,0,0,1,0,0,120.791674,31.588663
2022-12-22 08:37:08,2021121390001,0.015,95.14,0,15.487,m³,12544,1529,0.056,2,LIN,#590707,1,卧式,120.7819069,31.58836869,江苏省苏州市常熟市黄浦江路,6955,-19,2,149,100,4.27,3000,3000,16,29220,0,0,0,1,0,0,120.786275,31.586414
2022-12-22 08:36:07,2021121390001,0.014,93.75,0,15.261,m³,12361,1498,0.056,2,LIN,#590707,1,卧式,120.7823373,31.58482224,江苏省苏州市常熟市S227,6954,-19,2,149,100,4.27,3000,3000,16,29220,0,0,0,1,0,0,120.786705,31.582867
2022-12-22 08:34:07,2021121390001,0.015,95.55,0,15.554,m³,12598,1539,0.054,2,LIN,#590707,1,卧式,120.7866264,31.57823,江苏省苏州市常熟市S227,6952,-20,2,149,100,4.27,3000,3000,16,29220,0,0,0,1,0,0,120.790987,31.576269
2022-12-22 08:32:09,2021121390001,0.014,92.34,0,15.032,m³,12175,1469,0.054,2,LIN,#590707,1,卧式,120.7905936,31.56836275,江苏省苏州市常熟市沙南路3,6950,-21,2,149,100,4.27,3000,3000,16,29220,0,0,0,1,0,0,120.794948,31.566396
2022-12-22 08:30:07,2021121390001,0.014,92.9,0,15.123,m³,12249,1480,0.056,2,LIN,#590707,1,卧式,120.7907665,31.55834189,江苏省苏州市常熟市S227辅路,6948,-22,2,149,100,4.27,3000,3000,16,29220,0,0,0,1,0,0,120.795119,31.556374
2022-12-22 08:29:08,2021121390001,0.013,89.53,0,14.575,m³,11805,1415,0.054,2,LIN,#590707,1,卧式,120.7921498,31.55301937,江苏省苏州市常熟市昆承快速路,6947,-23,2,149,100,4.27,3000,3000,16,29220,0,0,0,1,0,0,120.7965,31.551049
2022-12-22 08:28:08,2021121390001,0.014,92.17,0,15.005,m³,12154,1466,0.054,2,LIN,#590707,1,卧式,120.7935189,31.54942924,江苏省苏州市常熟市昆承快速路,6946,-23,2,149,100,4.27,3000,3000,16,29220,0,0,0,1,0,0,120.797867,31.547457
2022-12-22 08:23:07,2021121390001,0.014,93.05,0,15.148,m³,12269,1484,0.054,2,LIN,#590707,1,卧式,120.7722936,31.52141373,江苏省苏州市相城区G1522(常台高速),6941,-26,2,149,100,4.27,3000,3000,16,29220,0,0,0,1,0,0,120.776667,31.519463
2022-12-22 08:18:08,2021121390001,0.014,94.2,0,15.334,m³,12420,1508,0.056,2,LIN,#590707,1,卧式,120.7240902,31.50359817,江苏省苏州市相城区S17(苏台高速),6936,-30,1,149,100,4.27,3000,3000,16,29220,0,0,0,1,0,0,120.72846,31.501641
2022-12-22 08:13:08,2021121390001,0.014,94.49,0,15.382,m³,12459,1514,0.054,2,LIN,#590707,1,卧式,120.6630818,31.49088669,江苏省苏州市相城区S17(苏台高速),6931,-34,1,149,100,4.27,3000,3000,16,29220,0,0,0,1,0,0,120.667342,31.488828
2022-12-22 08:08:08,2021121390001,0.014,94.78,0,15.429,m³,12497,1521,0.054,2,LIN,#590707,1,卧式,120.6095753,31.47518654,江苏省苏州市相城区S17(苏台高速),6926,-39,1,149,100,4.27,3000,3000,16,29220,0,0,0,1,0,0,120.613761,31.473053
2022-12-22 08:03:08,2021121390001,0.014,91.93,0,14.965,m³,12121,1461,0.056,2,LIN,#590707,1,卧式,120.560393,31.46437637,江苏省苏州市相城区S17(苏台高速),6921,-44,1,149,100,4.27,3000,3000,16,29220,0,0,0,0,0,0,120.564623,31.462268
2022-12-22 07:54:08,2021121390001,0.014,94.27,0,15.346,m³,12430,1510,0.054,2,LIN,#590707,1,卧式,120.4850305,31.48771476,江苏省无锡市新吴区G2(京沪高速),6912,-57,1,149,100,4.27,3000,3000,16,29220,0,0,0,0,0,0,120.489521,31.485808
2022-12-22 07:51:08,2021121390001,0.014,93.29,0,15.186,m³,12300,1488,0.054,2,LIN,#590707,1,卧式,120.4806973,31.50882168,江苏省无锡市新吴区S19(通锡高速),6909,-63,1,149,100,4.27,3000,3000,16,29220,0,0,0,0,0,0,120.485207,31.506931
2022-12-22 07:50:08,2021121390001,0.014,94.99,0,15.464,m³,12525,1526,0.054,2,LIN,#590707,1,卧式,120.4862652,31.51781365,江苏省无锡市新吴区S19(无锡新区立交),6909,-65,1,149,100,4.27,3000,3000,16,29220,0,0,0,0,0,0,120.490754,31.515908
2022-12-22 07:49:08,2021121390001,0.016,99.88,0,16.259,m³,13169,1685,0.056,2,LIN,#590707,1,卧式,120.4839833,31.52219874,江苏省无锡市新吴区无锡新区立交,6907,-67,1,149,100,4.27,3000,3000,16,29220,0,0,0,0,0,0,120.488481,31.5203
2022-12-22 07:48:08,2021121390001,0.014,94.2,0,15.334,m³,12420,1508,0.056,2,LIN,#590707,1,卧式,120.481896,31.52321549,江苏省无锡市新吴区新鸿路,6906,-69,1,149,100,4.27,3000,3000,16,29220,0,0,0,0,0,0,120.486402,31.521323
2022-12-22 07:47:08,2021121390001,0.014,92.25,0,15.018,m³,12164,1467,0.054,2,LIN,#590707,1,卧式,120.4830971,31.52587459,江苏省无锡市新吴区锡梅路122号,6905,-72,1,149,100,4.27,3000,3000,16,29220,0,0,0,0,0,0,120.487599,31.523979
2022-12-22 07:46:08,2021121390001,0.015,95.75,0,15.587,m³,12625,1544,0.054,2,LIN,#590707,1,卧式,120.4842117,31.5276908,江苏省无锡市新吴区新鸿路,6904,-74,1,149,100,4.27,3000,3000,16,29220,0,0,0,0,0,0,120.488709,31.525793
2022-12-22 07:43:08,2021121390001,0.015,95.34,0,15.52,m³,12571,1534,0.054,2,LIN,#590707,1,卧式,120.4765296,31.53216214,江苏省无锡市新吴区梅育路15,6901,-82,1,149,100,4.27,3000,3000,16,29220,0,0,0,0,0,0,120.481056,31.530286
2022-12-22 07:39:08,2021121390001,0.014,93.59,0,15.236,m³,12341,1495,0.054,2,LIN,#590707,1,卧式,120.4759571,31.53196621,江苏省无锡市新吴区梅育路15,6897,-94,1,149,100,4.27,3000,3000,16,29220,0,0,0,0,0,0,120.480486,31.530092
2022-12-22 07:36:08,2021121390001,0.014,93.37,0,15.199,m³,12311,1490,0.056,2,LIN,#590707,1,卧式,120.4762354,31.53136214,江苏省无锡市新吴区梅育路15,6894,-105,1,149,100,4.27,3000,3000,16,29220,0,0,0,0,0,0,120.480763,31.529487
2022-12-22 07:35:08,2021121390001,0.014,94.34,0,15.358,m³,12439,1511,0.056,2,LIN,#590707,1,卧式,120.4762354,31.53136214,江苏省无锡市新吴区梅育路15,6893,-109,1,149,100,4.27,3000,3000,16,29220,0,0,0,0,0,0,120.480763,31.529487
2022-12-22 07:30:08,2021121390001,0.014,92.34,0,15.032,m³,12175,1469,0.053,2,LIN,#590707,1,卧式,120.4759886,31.53156643,江苏省无锡市新吴区梅育路15,6888,-137,2,149,100,4.27,3000,3000,16,29220,0,0,0,0,0,0,120.480517,31.529692
2022-12-22 07:28:08,2021121390001,0.013,87.05,0,14.17,m³,11477,1372,0.053,2,LIN,#590707,1,卧式,120.4759886,31.53156643,江苏省无锡市新吴区梅育路15,6886,-136,2,149,100,4.27,3000,3000,16,29220,0,0,0,0,0,0,120.480517,31.529692
2022-12-22 07:23:08,2021121390001,0.011,73.85,0,12.022,m³,9737,1169,0.053,2,LIN,#590707,1,卧式,120.4759886,31.53156643,江苏省无锡市新吴区梅育路15,6881,-133,2,149,100,4.27,3000,3000,16,29220,0,0,0,0,0,0,120.480517,31.529692
2022-12-22 07:18:08,2021121390001,0.009,61.23,0,9.968,m³,8074,996,0.056,2,LIN,#590707,1,卧式,120.4759886,31.53156643,江苏省无锡市新吴区梅育路15,6876,-129,2,149,100,4.27,3000,3000,16,29220,0,0,0,1,0,0,120.480517,31.529692
2022-12-22 07:13:08,2021121390001,0.008,48.56,0,7.906,m³,6403,831,0.057,2,LIN,#590707,1,卧式,120.4759886,31.53156643,江苏省无锡市新吴区梅育路15,6871,-122,2,149,100,4.27,3000,3000,16,29220,0,0,0,1,0,0,120.480517,31.529692
2022-12-22 07:08:08,2021121390001,0.006,35.23,0,5.736,m³,4646,655,0.062,2,LIN,#590707,1,卧式,120.4759886,31.53156643,江苏省无锡市新吴区梅育路15,6866,-114,2,149,100,4.27,3000,3000,16,29220,0,0,0,1,0,0,120.480517,31.529692
2022-12-22 07:04:08,2021121390001,0.005,25.58,0,4.165,m³,3373,522,0.068,2,LIN,#590707,1,卧式,120.4759886,31.53156643,江苏省无锡市新吴区梅育路15,6862,-103,2,149,100,4.27,3000,3000,16,29220,0,0,0,1,0,0,120.480517,31.529692
2022-12-22 06:59:08,2021121390001,0.003,12.48,0,2.032,m³,1645,319,0.082,2,LIN,#590707,1,卧式,120.4759886,31.53156643,江苏省无锡市新吴区梅育路15,6857,-74,2,149,100,4.27,3000,3000,16,29220,0,0,0,1,0,0,120.480517,31.529692
2022-12-22 06:55:32,2021121390001,0.001,4.18,0,0.681,m³,551,154,0.086,2,LIN,#590707,1,卧式,120.4759886,31.53156236,江苏省无锡市新吴区梅育路15,6853,-2,2,149,100,4.27,3000,3000,16,29220,0,0,0,1,0,0,120.480517,31.529688
2022-12-22 06:49:48,2021121390001,0.001,4.45,0,0.725,m³,587,160,0.091,2,LIN,#590707,1,卧式,120.4759728,31.53201221,江苏省无锡市新吴区梅育路15,6847,2,2,149,100,4.27,3000,3000,16,0,0,0,0,0,0,0,120.480502,31.530138
2022-12-22 06:44:48,2021121390001,0.001,4.58,0,0.747,m³,605,163,0.086,2,LIN,#590707,1,卧式,120.4763545,31.53128896,江苏省无锡市新吴区新秦路,6842,2,1,149,100,4.27,3000,3000,16,0,0,0,0,0,0,0,120.480882,31.529413
2022-12-22 06:39:48,2021121390001,0.001,4.25,0,0.692,m³,560,155,0.132,2,LIN,#590707,1,卧式,120.4763545,31.53128706,江苏省无锡市新吴区新秦路,6837,2,1,149,100,4.27,3000,3000,16,0,0,0,0,0,0,0,120.480882,31.529412
2022-12-22 06:34:48,2021121390001,0.001,4.58,0,0.747,m³,605,163,0.293,2,LIN,#590707,1,卧式,120.4763388,31.53133302,江苏省无锡市新吴区新秦路,6832,2,1,149,100,4.27,3000,3000,16,0,0,0,0,0,0,0,120.480866,31.529458
2022-12-22 06:29:48,2021121390001,0.001,4.38,0,0.714,m³,578,159,0.293,2,LIN,#590707,1,卧式,120.476315,31.53130458,江苏省无锡市新吴区新秦路,6827,1,0,149,100,4.27,3000,3000,16,29220,0,0,0,0,0,0,120.480843,31.529429
2022-12-22 06:24:48,2021121390001,0.001,4.38,0,0.714,m³,578,159,0.293,2,LIN,#590707,1,卧式,120.476315,31.53130458,江苏省无锡市新吴区新秦路,6822,1,0,149,100,4.27,3000,3000,16,29220,0,0,0,0,0,0,120.480843,31.529429
2022-12-22 06:14:54,2021121390001,0.001,4.58,0,0.747,m³,605,163,0.293,2,LIN,#590707,1,卧式,120.476315,31.53130458,江苏省无锡市新吴区新秦路,6812,1,0,149,100,4.27,3000,3000,16,29220,0,0,0,0,0,0,120.480843,31.529429
2022-12-22 06:09:50,2021121390001,0.001,4.79,0,0.781,m³,632,168,0.293,2,LIN,#590707,1,卧式,120.476315,31.53130458,江苏省无锡市新吴区新秦路,6807,1,0,149,100,4.27,3000,3000,16,29220,0,0,0,0,0,0,120.480843,31.529429
2022-12-22 06:04:49,2021121390001,0.001,4.65,0,0.758,m³,613,165,0.293,2,LIN,#590707,1,卧式,120.476315,31.53130458,江苏省无锡市新吴区新秦路,6802,1,0,149,100,4.27,3000,3000,16,29220,0,0,0,0,0,0,120.480843,31.529429
2022-12-22 05:59:48,2021121390001,0.001,4.58,0,0.747,m³,605,163,0.293,2,LIN,#590707,1,卧式,120.476315,31.53130458,江苏省无锡市新吴区新秦路,6797,1,0,149,100,4.27,3000,3000,16,29220,0,0,0,0,0,0,120.480843,31.529429
2022-12-22 05:54:49,2021121390001,0.001,4.45,0,0.725,m³,587,160,0.293,2,LIN,#590707,1,卧式,120.476315,31.53130458,江苏省无锡市新吴区新秦路,6792,1,0,149,100,4.27,3000,3000,16,29220,0,0,0,0,0,0,120.480843,31.529429
2022-12-22 05:49:48,2021121390001,0.001,4.38,0,0.714,m³,578,159,0.294,2,LIN,#590707,1,卧式,120.476315,31.53130458,江苏省无锡市新吴区新秦路,6787,1,0,149,100,4.27,3000,3000,16,29220,0,0,0,0,0,0,120.480843,31.529429
2022-12-22 05:44:48,2021121390001,0.001,4.45,0,0.725,m³,587,160,0.293,2,LIN,#590707,1,卧式,120.476315,31.53130458,江苏省无锡市新吴区新秦路,6782,1,0,149,100,4.27,3000,3000,16,29220,0,0,0,0,0,0,120.480843,31.529429
2022-12-22 05:39:48,2021121390001,0.001,4.45,0,0.725,m³,587,160,0.294,2,LIN,#590707,1,卧式,120.476315,31.53130458,江苏省无锡市新吴区新秦路,6777,1,0,149,100,4.27,3000,3000,16,29220,0,0,0,0,0,0,120.480843,31.529429
2022-12-22 05:34:48,2021121390001,0.001,4.58,0,0.747,m³,605,163,0.294,2,LIN,#590707,1,卧式,120.476315,31.53130458,江苏省无锡市新吴区新秦路,6772,1,0,149,100,4.27,3000,3000,16,29220,0,0,0,0,0,0,120.480843,31.529429
2022-12-22 05:29:47,2021121390001,0.001,4.65,0,0.758,m³,613,165,0.294,2,LIN,#590707,1,卧式,120.476315,31.53130458,江苏省无锡市新吴区新秦路,6767,1,0,149,100,4.27,3000,3000,16,29220,0,0,0,0,0,0,120.480843,31.529429
2022-12-22 05:24:48,2021121390001,0.001,4.79,0,0.781,m³,632,168,0.294,2,LIN,#590707,1,卧式,120.476315,31.53130458,江苏省无锡市新吴区新秦路,6762,1,0,149,100,4.27,3000,3000,16,29220,0,0,0,0,0,0,120.480843,31.529429
2022-12-22 05:19:48,2021121390001,0.001,4.58,0,0.747,m³,605,163,0.294,2,LIN,#590707,1,卧式,120.476315,31.53130458,江苏省无锡市新吴区新秦路,6757,1,0,149,100,4.27,3000,3000,16,29220,0,0,0,0,0,0,120.480843,31.529429
2022-12-22 05:14:48,2021121390001,0.001,4.45,0,0.725,m³,587,160,0.294,2,LIN,#590707,1,卧式,120.476315,31.53130458,江苏省无锡市新吴区新秦路,6752,1,0,149,100,4.27,3000,3000,16,29220,0,0,0,0,0,0,120.480843,31.529429
2022-12-22 05:09:48,2021121390001,0.001,4.58,0,0.747,m³,605,163,0.294,2,LIN,#590707,1,卧式,120.476315,31.53130458,江苏省无锡市新吴区新秦路,6747,1,0,149,100,4.27,3000,3000,16,29220,0,0,0,0,0,0,120.480843,31.529429
2022-12-22 05:04:48,2021121390001,0.001,4.86,0,0.792,m³,641,170,0.294,2,LIN,#590707,1,卧式,120.476315,31.53130458,江苏省无锡市新吴区新秦路,6742,0,0,149,100,4.27,3000,3000,16,29220,0,0,0,0,0,0,120.480843,31.529429
2022-12-22 04:59:48,2021121390001,0.001,4.58,0,0.747,m³,605,163,0.294,2,LIN,#590707,1,卧式,120.476315,31.53130458,江苏省无锡市新吴区新秦路,6737,0,0,149,100,4.27,3000,3000,16,29220,0,0,0,0,0,0,120.480843,31.529429
2022-12-22 04:54:48,2021121390001,0.001,4.52,0,0.736,m³,596,162,0.294,2,LIN,#590707,1,卧式,120.476315,31.53130458,江苏省无锡市新吴区新秦路,6732,0,0,149,100,4.27,3000,3000,16,29220,0,0,0,-1,0,0,120.480843,31.529429
2022-12-22 04:49:48,2021121390001,0.001,4.58,0,0.747,m³,605,163,0.294,2,LIN,#590707,1,卧式,120.476315,31.53130458,江苏省无锡市新吴区新秦路,6727,0,0,149,100,4.27,3000,3000,16,29220,0,0,0,-1,0,0,120.480843,31.529429
2022-12-22 04:44:48,2021121390001,0.001,4.65,0,0.758,m³,613,165,0.294,2,LIN,#590707,1,卧式,120.476315,31.53130458,江苏省无锡市新吴区新秦路,6722,0,0,149,100,4.27,3000,3000,16,29220,0,0,0,-1,0,0,120.480843,31.529429
2022-12-22 04:39:48,2021121390001,0.001,4.65,0,0.758,m³,613,165,0.294,2,LIN,#590707,1,卧式,120.476315,31.53130458,江苏省无锡市新吴区新秦路,6717,0,0,149,100,4.27,3000,3000,16,29220,0,0,0,-1,0,0,120.480843,31.529429
2022-12-22 04:34:48,2021121390001,0.001,4.65,0,0.758,m³,613,165,0.295,2,LIN,#590707,1,卧式,120.476315,31.53130458,江苏省无锡市新吴区新秦路,6712,0,0,149,100,4.27,3000,3000,16,29220,0,0,0,-1,0,0,120.480843,31.529429
2022-12-22 04:29:48,2021121390001,0.001,4.45,0,0.725,m³,587,160,0.294,2,LIN,#590707,1,卧式,120.476315,31.53130458,江苏省无锡市新吴区新秦路,6707,0,0,149,100,4.27,3000,3000,16,29220,0,0,0,-1,0,0,120.480843,31.529429
2022-12-22 04:24:48,2021121390001,0.001,4.38,0,0.714,m³,578,159,0.295,2,LIN,#590707,1,卧式,120.476315,31.53130458,江苏省无锡市新吴区新秦路,6702,0,0,149,100,4.27,3000,3000,16,29220,0,0,0,-1,0,0,120.480843,31.529429
2022-12-22 04:14:53,2021121390001,0.001,4.86,0,0.792,m³,641,170,0.295,2,LIN,#590707,1,卧式,120.476315,31.53130458,江苏省无锡市新吴区新秦路,6692,0,0,149,100,4.27,3000,3000,16,29220,0,0,0,-1,0,0,120.480843,31.529429
2022-12-22 04:09:51,2021121390001,0.001,4.65,0,0.758,m³,613,165,0.295,2,LIN,#590707,1,卧式,120.476315,31.53130458,江苏省无锡市新吴区新秦路,6687,0,0,149,100,4.27,3000,3000,16,29220,0,0,0,-1,0,0,120.480843,31.529429
2022-12-22 04:04:48,2021121390001,0.001,4.65,0,0.758,m³,613,165,0.295,2,LIN,#590707,1,卧式,120.476315,31.53130458,江苏省无锡市新吴区新秦路,6682,0,0,149,100,4.27,3000,3000,16,29220,0,0,0,-1,0,0,120.480843,31.529429
2022-12-22 03:59:48,2021121390001,0.001,4.52,0,0.736,m³,596,162,0.295,2,LIN,#590707,1,卧式,120.476315,31.53130458,江苏省无锡市新吴区新秦路,6677,0,0,149,100,4.27,3000,3000,16,29220,0,0,0,-1,0,0,120.480843,31.529429
2022-12-22 03:54:48,2021121390001,0.001,4.45,0,0.725,m³,587,160,0.295,2,LIN,#590707,1,卧式,120.476315,31.53130458,江苏省无锡市新吴区新秦路,6672,0,0,149,100,4.27,3000,3000,16,29220,0,0,0,-1,0,0,120.480843,31.529429
2022-12-22 03:49:48,2021121390001,0.001,4.45,0,0.725,m³,587,160,0.295,2,LIN,#590707,1,卧式,120.476315,31.53130458,江苏省无锡市新吴区新秦路,6667,0,0,149,100,4.27,3000,3000,16,29220,0,0,0,-1,0,0,120.480843,31.529429
2022-12-22 03:39:48,2021121390001,0.001,4.72,0,0.769,m³,622,167,0.295,2,LIN,#590707,1,卧式,120.476315,31.53130458,江苏省无锡市新吴区新秦路,6657,0,0,149,100,4.27,3000,3000,16,29220,0,0,0,-1,0,0,120.480843,31.529429
2022-12-22 03:34:48,2021121390001,0.001,4.79,0,0.781,m³,632,168,0.295,2,LIN,#590707,1,卧式,120.476315,31.53130458,江苏省无锡市新吴区新秦路,6652,0,0,149,100,4.27,3000,3000,16,29220,0,0,0,-1,0,0,120.480843,31.529429
2022-12-22 03:29:48,2021121390001,0.001,4.72,0,0.769,m³,622,167,0.295,2,LIN,#590707,1,卧式,120.476315,31.53130458,江苏省无锡市新吴区新秦路,6647,0,-1,149,100,4.27,3000,3000,16,29220,0,0,0,-1,0,0,120.480843,31.529429
2022-12-22 03:24:49,2021121390001,0.001,4.52,0,0.736,m³,596,162,0.295,2,LIN,#590707,1,卧式,120.476315,31.53130458,江苏省无锡市新吴区新秦路,6642,0,0,149,100,4.27,3000,3000,16,29220,0,0,0,-1,0,0,120.480843,31.529429
2022-12-22 03:19:48,2021121390001,0.001,4.52,0,0.736,m³,596,162,0.295,2,LIN,#590707,1,卧式,120.476315,31.53130458,江苏省无锡市新吴区新秦路,6637,0,-1,149,100,4.27,3000,3000,16,29220,0,0,0,-2,0,0,120.480843,31.529429
2022-12-22 03:14:49,2021121390001,0.001,4.65,0,0.758,m³,613,165,0.296,2,LIN,#590707,1,卧式,120.476315,31.53130458,江苏省无锡市新吴区新秦路,6632,0,0,149,100,4.27,3000,3000,16,29220,0,0,0,-2,0,0,120.480843,31.529429
2022-12-22 03:09:48,2021121390001,0.001,4.93,0,0.803,m³,650,172,0.296,2,LIN,#590707,1,卧式,120.476315,31.53130458,江苏省无锡市新吴区新秦路,6627,0,-1,149,100,4.27,3000,3000,16,29220,0,0,0,-2,0,0,120.480843,31.529429
2022-12-22 03:04:48,2021121390001,0.001,4.72,0,0.769,m³,622,167,0.296,2,LIN,#590707,1,卧式,120.476315,31.53130458,江苏省无锡市新吴区新秦路,6622,0,-1,149,100,4.27,3000,3000,16,29220,0,0,0,-2,0,0,120.480843,31.529429
2022-12-22 02:59:49,2021121390001,0.001,4.93,0,0.803,m³,650,172,0.296,2,LIN,#590707,1,卧式,120.476315,31.53130458,江苏省无锡市新吴区新秦路,6617,0,-1,149,100,4.27,3000,3000,16,29220,0,0,0,-2,0,0,120.480843,31.529429
2022-12-22 02:54:49,2021121390001,0.001,4.72,0,0.769,m³,622,167,0.296,2,LIN,#590707,1,卧式,120.476315,31.53130458,江苏省无锡市新吴区新秦路,6612,0,-1,149,100,4.27,3000,3000,16,29220,0,0,0,-2,0,0,120.480843,31.529429
2022-12-22 02:49:48,2021121390001,0.001,4.52,0,0.736,m³,596,162,0.296,2,LIN,#590707,1,卧式,120.476315,31.53130458,江苏省无锡市新吴区新秦路,6607,0,-1,149,100,4.27,3000,3000,16,29220,0,0,0,-2,0,0,120.480843,31.529429
2022-12-22 02:44:49,2021121390001,0.001,4.52,0,0.736,m³,596,162,0.296,2,LIN,#590707,1,卧式,120.476315,31.53130458,江苏省无锡市新吴区新秦路,6602,0,-1,149,100,4.27,3000,3000,16,29220,0,0,0,-2,0,0,120.480843,31.529429
2022-12-22 02:39:49,2021121390001,0.001,4.72,0,0.769,m³,622,167,0.298,2,LIN,#590707,1,卧式,120.476315,31.53130458,江苏省无锡市新吴区新秦路,6597,0,-1,149,100,4.27,3000,3000,16,29220,0,0,0,-2,0,0,120.480843,31.529429
2022-12-22 02:34:49,2021121390001,0.001,4.72,0,0.769,m³,622,167,0.296,2,LIN,#590707,1,卧式,120.476315,31.53130458,江苏省无锡市新吴区新秦路,6592,0,-1,149,100,4.27,3000,3000,16,29220,0,0,0,-2,0,0,120.480843,31.529429
2022-12-22 02:29:47,2021121390001,0.001,4.93,0,0.803,m³,650,172,0.298,2,LIN,#590707,1,卧式,120.476315,31.53130458,江苏省无锡市新吴区新秦路,6587,0,-1,149,100,4.27,3000,3000,16,29220,0,0,0,-2,0,0,120.480843,31.529429
2022-12-22 02:24:48,2021121390001,0.001,4.58,0,0.747,m³,605,163,0.298,2,LIN,#590707,1,卧式,120.476315,31.53130458,江苏省无锡市新吴区新秦路,6582,0,-1,149,100,4.27,3000,3000,16,29220,0,0,0,-2,0,0,120.480843,31.529429
2022-12-22 02:14:53,2021121390001,0.001,4.52,0,0.736,m³,596,162,0.298,2,LIN,#590707,1,卧式,120.476315,31.53130458,江苏省无锡市新吴区新秦路,6572,0,-1,149,100,4.27,3000,3000,16,29220,0,0,0,-2,0,0,120.480843,31.529429
2022-12-22 02:09:52,2021121390001,0.001,4.52,0,0.736,m³,596,162,0.298,2,LIN,#590707,1,卧式,120.476315,31.53130458,江苏省无锡市新吴区新秦路,6567,0,-1,149,100,4.27,3000,3000,16,29220,0,0,0,-2,0,0,120.480843,31.529429
2022-12-22 02:04:47,2021121390001,0.001,4.58,0,0.747,m³,605,163,0.298,2,LIN,#590707,1,卧式,120.476315,31.53130458,江苏省无锡市新吴区新秦路,6567,0,-1,149,100,4.27,3000,3000,16,29220,0,0,0,-2,0,0,120.480843,31.529429
2022-12-22 01:59:48,2021121390001,0.001,4.65,0,0.758,m³,613,165,0.299,2,LIN,#590707,1,卧式,120.476315,31.53130458,江苏省无锡市新吴区新秦路,6557,0,-1,149,100,4.27,3000,3000,16,29220,0,0,0,-2,0,0,120.480843,31.529429
2022-12-22 01:54:48,2021121390001,0.001,4.79,0,0.781,m³,632,168,0.298,2,LIN,#590707,1,卧式,120.476315,31.53130458,江苏省无锡市新吴区新秦路,6552,0,-1,149,100,4.27,3000,3000,16,29220,0,0,0,-2,0,0,120.480843,31.529429
2022-12-22 01:49:50,2021121390001,0.001,4.79,0,0.781,m³,632,168,0.298,2,LIN,#590707,1,卧式,120.476315,31.53130458,江苏省无锡市新吴区新秦路,6547,0,-1,149,100,4.27,3000,3000,16,29220,0,0,0,-2,0,0,120.480843,31.529429
2022-12-22 01:44:50,2021121390001,0.001,4.72,0,0.769,m³,622,167,0.298,2,LIN,#590707,1,卧式,120.476315,31.53130458,江苏省无锡市新吴区新秦路,6542,0,-1,149,100,4.27,3000,3000,16,29220,0,0,0,-2,0,0,120.480843,31.529429
2022-12-22 01:39:50,2021121390001,0.001,4.79,0,0.781,m³,632,168,0.299,2,LIN,#590707,1,卧式,120.476315,31.53130458,江苏省无锡市新吴区新秦路,6537,0,-1,149,100,4.27,3000,3000,16,29220,0,0,0,-2,0,0,120.480843,31.529429
2022-12-22 01:34:50,2021121390001,0.001,4.79,0,0.781,m³,632,168,0.299,2,LIN,#590707,1,卧式,120.476315,31.53130458,江苏省无锡市新吴区新秦路,6532,0,-1,149,100,4.27,3000,3000,16,29220,0,0,0,-2,0,0,120.480843,31.529429
2022-12-22 01:29:50,2021121390001,0.001,4.93,0,0.803,m³,650,172,0.298,2,LIN,#590707,1,卧式,120.476315,31.53130458,江苏省无锡市新吴区新秦路,6527,0,-1,149,100,4.27,3000,3000,16,29220,0,0,0,-2,0,0,120.480843,31.529429
2022-12-22 01:24:50,2021121390001,0.001,4.79,0,0.781,m³,632,168,0.299,2,LIN,#590707,1,卧式,120.476315,31.53130458,江苏省无锡市新吴区新秦路,6522,0,-1,149,100,4.27,3000,3000,16,29220,0,0,0,-2,0,0,120.480843,31.529429
2022-12-22 01:19:50,2021121390001,0.001,4.86,0,0.792,m³,641,170,0.299,2,LIN,#590707,1,卧式,120.476315,31.53130458,江苏省无锡市新吴区新秦路,6517,0,-1,149,100,4.27,3000,3000,16,29220,0,0,0,-2,0,0,120.480843,31.529429
2022-12-22 01:14:50,2021121390001,0.001,4.86,0,0.792,m³,641,170,0.299,2,LIN,#590707,1,卧式,120.476315,31.53130458,江苏省无锡市新吴区新秦路,6512,0,-1,149,100,4.27,3000,3000,16,29220,0,0,0,-2,0,0,120.480843,31.529429
2022-12-22 01:09:50,2021121390001,0.001,4.86,0,0.792,m³,641,170,0.299,2,LIN,#590707,1,卧式,120.476315,31.53130458,江苏省无锡市新吴区新秦路,6507,0,-1,149,100,4.27,3000,3000,16,29220,0,0,0,-2,0,0,120.480843,31.529429
2022-12-22 01:05:00,2021121390001,0.001,5.07,0,0.826,m³,669,175,0.299,2,LIN,#590707,1,卧式,120.476315,31.53130458,江苏省无锡市新吴区新秦路,6502,0,-1,149,100,4.27,3000,3000,16,29220,0,0,0,-2,0,0,120.480843,31.529429
2022-12-22 00:59:50,2021121390001,0.001,4.86,0,0.792,m³,641,170,0.3,2,LIN,#590707,1,卧式,120.476315,31.53130458,江苏省无锡市新吴区新秦路,6497,0,-1,149,100,4.27,3000,3000,16,29220,0,0,0,-2,0,0,120.480843,31.529429
2022-12-22 00:54:50,2021121390001,0.001,4.93,0,0.803,m³,650,172,0.299,2,LIN,#590707,1,卧式,120.476315,31.53130458,江苏省无锡市新吴区新秦路,6492,0,-1,149,100,4.27,3000,3000,16,29220,0,0,0,-1,0,0,120.480843,31.529429
2022-12-22 00:49:50,2021121390001,0.001,4.86,0,0.792,m³,641,170,0.299,2,LIN,#590707,1,卧式,120.476315,31.53130458,江苏省无锡市新吴区新秦路,6487,0,-1,149,100,4.27,3000,3000,16,29220,0,0,0,-1,0,0,120.480843,31.529429
2022-12-22 00:44:50,2021121390001,0.001,4.86,0,0.792,m³,641,170,0.3,2,LIN,#590707,1,卧式,120.476315,31.53130458,江苏省无锡市新吴区新秦路,6482,0,0,149,100,4.27,3000,3000,16,29220,0,0,0,-1,0,0,120.480843,31.529429
2022-12-22 00:39:50,2021121390001,0.001,4.79,0,0.781,m³,632,168,0.299,2,LIN,#590707,1,卧式,120.476315,31.53130458,江苏省无锡市新吴区新秦路,6477,0,0,149,100,4.27,3000,3000,16,29220,0,0,0,-1,0,0,120.480843,31.529429
2022-12-22 00:34:50,2021121390001,0.001,4.93,0,0.803,m³,650,172,0.3,2,LIN,#590707,1,卧式,120.476315,31.53130458,江苏省无锡市新吴区新秦路,6472,0,0,149,100,4.27,3000,3000,16,29220,0,0,0,-1,0,0,120.480843,31.529429
2022-12-22 00:29:50,2021121390001,0.001,4.86,0,0.792,m³,641,170,0.3,2,LIN,#590707,1,卧式,120.476315,31.53130458,江苏省无锡市新吴区新秦路,6467,0,0,149,100,4.27,3000,3000,16,29220,0,0,0,-1,0,0,120.480843,31.529429
2022-12-22 00:24:50,2021121390001,0.001,4.93,0,0.803,m³,650,172,0.3,2,LIN,#590707,1,卧式,120.476315,31.53130458,江苏省无锡市新吴区新秦路,6462,0,0,149,100,4.27,3000,3000,16,29220,0,0,0,-1,0,0,120.480843,31.529429
2022-12-22 00:19:50,2021121390001,0.001,5,0,0.815,m³,660,173,0.3,2,LIN,#590707,1,卧式,120.476315,31.53130458,江苏省无锡市新吴区新秦路,6457,0,0,149,100,4.27,3000,3000,16,29220,0,0,0,-1,0,0,120.480843,31.529429
2022-12-22 00:10:11,2021121390001,0.001,5.07,0,0.826,m³,669,175,0.3,2,LIN,#590707,1,卧式,120.476315,31.53130458,江苏省无锡市新吴区新秦路,6448,0,0,149,100,4.27,3000,3000,16,29220,0,0,0,-1,0,0,120.480843,31.529429
2022-12-22 00:04:50,2021121390001,0.001,5.14,0,0.838,m³,678,176,0.302,2,LIN,#590707,1,卧式,120.476315,31.53130458,江苏省无锡市新吴区新秦路,6442,0,0,149,100,4.27,3000,3000,16,29220,0,0,0,-1,0,0,120.480843,31.529429
2022-12-21 23:59:50,2021121390001,0.001,5,0,0.815,m³,660,173,0.302,2,LIN,#590707,1,卧式,120.476315,31.53130458,江苏省无锡市新吴区新秦路,6437,0,0,149,100,4.27,3000,3000,16,29220,0,0,0,-1,0,0,120.480843,31.529429
2022-12-21 23:54:50,2021121390001,0.001,4.93,0,0.803,m³,650,172,0.3,2,LIN,#590707,1,卧式,120.476315,31.53130458,江苏省无锡市新吴区新秦路,6432,0,0,149,100,4.27,3000,3000,16,29220,0,0,0,-1,0,0,120.480843,31.529429
2022-12-21 23:49:50,2021121390001,0.001,4.93,0,0.803,m³,650,172,0.302,2,LIN,#590707,1,卧式,120.476315,31.53130458,江苏省无锡市新吴区新秦路,6427,0,0,149,100,4.27,3000,3000,16,29220,0,0,0,-1,0,0,120.480843,31.529429
2022-12-21 23:44:50,2021121390001,0.001,5.22,0,0.85,m³,688,178,0.302,2,LIN,#590707,1,卧式,120.476315,31.53130458,江苏省无锡市新吴区新秦路,6422,1,0,149,100,4.27,3000,3000,16,29220,0,0,0,-1,0,0,120.480843,31.529429
2022-12-21 23:39:50,2021121390001,0.001,5.07,0,0.826,m³,669,175,0.302,2,LIN,#590707,1,卧式,120.476315,31.53130458,江苏省无锡市新吴区新秦路,6417,1,0,149,100,4.27,3000,3000,16,29220,0,0,0,-1,0,0,120.480843,31.529429
2022-12-21 23:34:50,2021121390001,0.001,5.14,0,0.838,m³,678,176,0.302,2,LIN,#590707,1,卧式,120.476315,31.53130458,江苏省无锡市新吴区新秦路,6412,1,0,149,100,4.27,3000,3000,16,29220,0,0,0,-1,0,0,120.480843,31.529429
2022-12-21 23:29:50,2021121390001,0.001,5.22,0,0.85,m³,688,178,0.302,2,LIN,#590707,1,卧式,120.476315,31.53130458,江苏省无锡市新吴区新秦路,6407,1,0,149,100,4.27,3000,3000,16,29220,0,0,0,-1,0,0,120.480843,31.529429
2022-12-21 23:24:50,2021121390001,0.001,5.14,0,0.838,m³,678,176,0.303,2,LIN,#590707,1,卧式,120.476315,31.53130458,江苏省无锡市新吴区新秦路,6402,1,0,149,100,4.27,3000,3000,16,29220,0,0,0,-1,0,0,120.480843,31.529429
2022-12-21 23:19:50,2021121390001,0.001,5.14,0,0.838,m³,678,176,0.303,2,LIN,#590707,1,卧式,120.476315,31.53130458,江苏省无锡市新吴区新秦路,6397,1,0,149,100,4.27,3000,3000,16,29220,0,0,0,-1,0,0,120.480843,31.529429
2022-12-21 23:14:50,2021121390001,0.001,5.14,0,0.838,m³,678,176,0.303,2,LIN,#590707,1,卧式,120.476315,31.53130458,江苏省无锡市新吴区新秦路,6392,1,0,149,100,4.27,3000,3000,16,29220,0,0,0,0,0,0,120.480843,31.529429
2022-12-21 23:09:50,2021121390001,0.001,5.22,0,0.85,m³,688,178,0.303,2,LIN,#590707,1,卧式,120.476315,31.53130458,江苏省无锡市新吴区新秦路,6387,1,0,149,100,4.27,3000,3000,16,29220,0,0,0,0,0,0,120.480843,31.529429
2022-12-21 23:00:36,2021121390001,0.001,5.22,0,0.85,m³,688,178,0.303,2,LIN,#590707,1,卧式,120.476315,31.53130458,江苏省无锡市新吴区新秦路,6378,1,0,149,100,4.27,3000,3000,16,29220,0,0,0,0,0,0,120.480843,31.529429
2022-12-21 22:54:50,2021121390001,0.001,5.14,0,0.838,m³,678,176,0.303,2,LIN,#590707,1,卧式,120.476315,31.53130458,江苏省无锡市新吴区新秦路,6372,1,0,149,100,4.27,3000,3000,16,29220,0,0,0,0,0,0,120.480843,31.529429
2022-12-21 22:49:50,2021121390001,0.001,5.28,0,0.861,m³,697,180,0.302,2,LIN,#590707,1,卧式,120.476315,31.53130458,江苏省无锡市新吴区新秦路,6367,1,0,149,100,4.27,3000,3000,16,29220,0,0,0,0,0,0,120.480843,31.529429
2022-12-21 22:44:50,2021121390001,0.001,5.14,0,0.838,m³,678,176,0.303,2,LIN,#590707,1,卧式,120.476315,31.53130458,江苏省无锡市新吴区新秦路,6362,1,0,149,100,4.27,3000,3000,16,29220,0,0,0,0,0,0,120.480843,31.529429
2022-12-21 22:39:50,2021121390001,0.001,5.22,0,0.85,m³,688,178,0.304,2,LIN,#590707,1,卧式,120.476315,31.53130458,江苏省无锡市新吴区新秦路,6357,1,0,149,100,4.27,3000,3000,16,29220,0,0,0,0,0,0,120.480843,31.529429
2022-12-21 22:34:50,2021121390001,0.001,5.22,0,0.85,m³,688,178,0.303,2,LIN,#590707,1,卧式,120.476315,31.53130458,江苏省无锡市新吴区新秦路,6352,1,0,149,100,4.27,3000,3000,16,29220,0,0,0,0,0,0,120.480843,31.529429
2022-12-21 22:29:51,2021121390001,0.001,5.28,0,0.861,m³,697,180,0.303,2,LIN,#590707,1,卧式,120.476315,31.53130458,江苏省无锡市新吴区新秦路,6347,1,0,149,100,4.27,3000,3000,16,29220,0,0,0,0,0,0,120.480843,31.529429
2022-12-21 22:20:16,2021121390001,0.001,5.14,0,0.838,m³,678,176,0.303,2,LIN,#590707,1,卧式,120.476315,31.53130458,江苏省无锡市新吴区新秦路,6338,2,0,149,100,4.27,3000,3000,16,29220,0,0,0,0,0,0,120.480843,31.529429
2022-12-21 22:14:53,2021121390001,0.001,5.22,0,0.85,m³,688,178,0.304,2,LIN,#590707,1,卧式,120.476315,31.53130458,江苏省无锡市新吴区新秦路,6332,2,0,149,100,4.27,3000,3000,16,29220,0,0,0,0,0,0,120.480843,31.529429
2022-12-21 22:09:53,2021121390001,0.001,5.22,0,0.85,m³,688,178,0.304,2,LIN,#590707,1,卧式,120.476315,31.53130458,江苏省无锡市新吴区新秦路,6327,2,0,149,100,4.27,3000,3000,16,29220,0,0,0,0,0,0,120.480843,31.529429
2022-12-21 22:04:51,2021121390001,0.001,5.28,0,0.861,m³,697,180,0.304,2,LIN,#590707,1,卧式,120.476315,31.53130458,江苏省无锡市新吴区新秦路,6322,2,0,149,100,4.27,3000,3000,16,29220,0,0,0,0,0,0,120.480843,31.529429
2022-12-21 21:59:51,2021121390001,0.001,5.22,0,0.85,m³,688,178,0.304,2,LIN,#590707,1,卧式,120.476315,31.53130458,江苏省无锡市新吴区新秦路,6317,2,0,149,100,4.27,3000,3000,16,29220,0,0,0,0,0,0,120.480843,31.529429
2022-12-21 21:54:51,2021121390001,0.001,5.36,0,0.873,m³,707,181,0.304,2,LIN,#590707,1,卧式,120.476315,31.53130458,江苏省无锡市新吴区新秦路,6312,2,0,149,100,4.27,3000,3000,16,29220,0,0,0,0,0,0,120.480843,31.529429
2022-12-21 21:49:51,2021121390001,0.001,5.28,0,0.861,m³,697,180,0.304,2,LIN,#590707,1,卧式,120.476315,31.53130458,江苏省无锡市新吴区新秦路,6307,2,1,149,100,4.27,3000,3000,16,29220,0,0,0,0,0,0,120.480843,31.529429
2022-12-21 21:44:51,2021121390001,0.001,5.5,0,0.896,m³,725,185,0.304,2,LIN,#590707,1,卧式,120.476315,31.53130458,江苏省无锡市新吴区新秦路,6302,2,1,149,100,4.27,3000,3000,16,29220,0,0,0,0,0,0,120.480843,31.529429
2022-12-21 21:39:51,2021121390001,0.001,5.28,0,0.861,m³,697,180,0.305,2,LIN,#590707,1,卧式,120.476315,31.53130458,江苏省无锡市新吴区新秦路,6297,2,1,149,100,4.27,3000,3000,16,29220,0,0,0,0,0,0,120.480843,31.529429
2022-12-21 21:34:51,2021121390001,0.001,5.43,0,0.885,m³,716,183,0.304,2,LIN,#590707,1,卧式,120.476315,31.53130458,江苏省无锡市新吴区新秦路,6292,2,1,149,100,4.27,3000,3000,16,29220,0,0,0,0,0,0,120.480843,31.529429
2022-12-21 21:29:51,2021121390001,0.001,5.57,0,0.908,m³,735,186,0.305,2,LIN,#590707,1,卧式,120.476315,31.53130458,江苏省无锡市新吴区新秦路,6287,3,1,149,100,4.27,3000,3000,16,29220,0,0,0,0,0,0,120.480843,31.529429
2022-12-21 21:24:51,2021121390001,0.001,5.43,0,0.885,m³,716,183,0.304,2,LIN,#590707,1,卧式,120.476315,31.53130458,江苏省无锡市新吴区新秦路,6282,3,1,149,100,4.27,3000,3000,16,29220,0,0,0,0,0,0,120.480843,31.529429
2022-12-21 21:19:51,2021121390001,0.001,5.22,0,0.85,m³,688,178,0.304,2,LIN,#590707,1,卧式,120.476315,31.53130458,江苏省无锡市新吴区新秦路,6277,3,1,149,100,4.27,3000,3000,16,29220,0,0,0,1,0,0,120.480843,31.529429
2022-12-21 21:14:51,2021121390001,0.001,5.36,0,0.873,m³,707,181,0.305,2,LIN,#590707,1,卧式,120.476315,31.53130458,江苏省无锡市新吴区新秦路,6272,3,1,149,100,4.27,3000,3000,16,29220,0,0,0,1,0,0,120.480843,31.529429
2022-12-21 21:09:51,2021121390001,0.001,5.28,0,0.861,m³,697,180,0.305,2,LIN,#590707,1,卧式,120.476315,31.53130458,江苏省无锡市新吴区新秦路,6267,3,1,149,100,4.27,3000,3000,16,29220,0,0,0,1,0,0,120.480843,31.529429
2022-12-21 21:04:51,2021121390001,0.001,5.5,0,0.896,m³,725,185,0.305,2,LIN,#590707,1,卧式,120.476315,31.53130458,江苏省无锡市新吴区新秦路,6262,3,1,149,100,4.27,3000,3000,16,29220,0,0,0,1,0,0,120.480843,31.529429
2022-12-21 20:59:51,2021121390001,0.001,5.5,0,0.896,m³,725,185,0.305,2,LIN,#590707,1,卧式,120.476315,31.53130458,江苏省无锡市新吴区新秦路,6257,3,1,149,100,4.27,3000,3000,16,29220,0,0,0,1,0,0,120.480843,31.529429
2022-12-21 20:54:51,2021121390001,0.001,5.14,0,0.838,m³,678,176,0.305,2,LIN,#590707,1,卧式,120.476315,31.53130458,江苏省无锡市新吴区新秦路,6252,3,2,149,100,4.27,3000,3000,16,29220,0,0,0,1,0,0,120.480843,31.529429
2022-12-21 20:49:51,2021121390001,0.001,5.28,0,0.861,m³,697,180,0.305,2,LIN,#590707,1,卧式,120.476315,31.53130458,江苏省无锡市新吴区新秦路,6247,3,2,149,100,4.27,3000,3000,16,29220,0,0,0,1,0,0,120.480843,31.529429
2022-12-21 20:44:51,2021121390001,0.001,5.57,0,0.908,m³,735,186,0.307,2,LIN,#590707,1,卧式,120.476315,31.53130458,江苏省无锡市新吴区新秦路,6242,3,2,149,100,4.27,3000,3000,16,29220,0,0,0,1,0,0,120.480843,31.529429
2022-12-21 20:39:51,2021121390001,0.001,5.22,0,0.85,m³,688,178,0.307,2,LIN,#590707,1,卧式,120.476315,31.53130458,江苏省无锡市新吴区新秦路,6237,4,2,149,100,4.27,3000,3000,16,29220,0,0,0,1,0,0,120.480843,31.529429
2022-12-21 20:34:51,2021121390001,0.001,5.22,0,0.85,m³,688,178,0.305,2,LIN,#590707,1,卧式,120.476315,31.53130458,江苏省无锡市新吴区新秦路,6232,4,2,149,100,4.27,3000,3000,16,29220,0,0,0,1,0,0,120.480843,31.529429
2022-12-21 20:29:51,2021121390001,0.001,5.22,0,0.85,m³,688,178,0.307,2,LIN,#590707,1,卧式,120.476315,31.53130458,江苏省无锡市新吴区新秦路,6227,4,2,149,100,4.27,3000,3000,16,29220,0,0,0,2,0,0,120.480843,31.529429
2022-12-21 20:24:51,2021121390001,0.001,5.22,0,0.85,m³,688,178,0.305,2,LIN,#590707,1,卧式,120.476315,31.53130458,江苏省无锡市新吴区新秦路,6222,4,2,149,100,4.27,3000,3000,16,29220,0,0,0,2,0,0,120.480843,31.529429
2022-12-21 20:16:06,2021121390001,0.001,5.14,0,0.838,m³,678,176,0.307,2,LIN,#590707,1,卧式,120.476315,31.53130458,江苏省无锡市新吴区新秦路,6222,4,3,149,100,4.27,3000,3000,16,29220,0,0,0,2,0,0,120.480843,31.529429
2022-12-21 20:15:25,2021121390001,0.001,5.14,0,0.838,m³,678,176,0.307,2,LIN,#590707,1,卧式,120.476315,31.53130458,江苏省无锡市新吴区新秦路,6222,4,3,149,100,4.27,3000,3000,16,29220,0,0,0,2,0,0,120.480843,31.529429
2022-12-21 20:09:54,2021121390001,0.001,5.14,0,0.838,m³,678,176,0.307,2,LIN,#590707,1,卧式,120.476315,31.53130458,江苏省无锡市新吴区新秦路,6207,4,3,149,100,4.27,3000,3000,16,29220,0,0,0,2,0,0,120.480843,31.529429
2022-12-21 20:04:51,2021121390001,0.001,5.14,0,0.838,m³,678,176,0.307,2,LIN,#590707,1,卧式,120.476315,31.53130458,江苏省无锡市新吴区新秦路,6202,4,3,149,100,4.27,3000,3000,16,29220,0,0,0,2,0,0,120.480843,31.529429
2022-12-21 19:59:51,2021121390001,0.001,5.22,0,0.85,m³,688,178,0.307,2,LIN,#590707,1,卧式,120.476315,31.53130458,江苏省无锡市新吴区新秦路,6197,5,3,149,100,4.27,3000,3000,16,29220,0,0,0,2,0,0,120.480843,31.529429
2022-12-21 19:54:51,2021121390001,0.001,5.22,0,0.85,m³,688,178,0.307,2,LIN,#590707,1,卧式,120.476315,31.53130458,江苏省无锡市新吴区新秦路,6192,5,3,149,100,4.27,3000,3000,16,29220,0,0,0,2,0,0,120.480843,31.529429
2022-12-21 19:49:52,2021121390001,0.001,5.14,0,0.838,m³,678,176,0.307,2,LIN,#590707,1,卧式,120.476315,31.53130458,江苏省无锡市新吴区新秦路,6187,5,3,149,100,4.27,3000,3000,16,29220,0,0,0,3,0,0,120.480843,31.529429
2022-12-21 19:44:51,2021121390001,0.001,5.36,0,0.873,m³,707,181,0.307,2,LIN,#590707,1,卧式,120.476315,31.53130458,江苏省无锡市新吴区新秦路,6182,5,3,149,100,4.27,3000,3000,16,29220,0,0,0,3,0,0,120.480843,31.529429
2022-12-21 19:39:51,2021121390001,0.001,5.36,0,0.873,m³,707,181,0.307,2,LIN,#590707,1,卧式,120.476315,31.53130458,江苏省无锡市新吴区新秦路,6177,5,3,149,100,4.27,3000,3000,16,29220,0,0,0,3,0,0,120.480843,31.529429
2022-12-21 19:34:51,2021121390001,0.001,5.36,0,0.873,m³,707,181,0.308,2,LIN,#590707,1,卧式,120.476315,31.53130458,江苏省无锡市新吴区新秦路,6172,5,3,149,100,4.27,3000,3000,16,29220,0,0,0,3,0,0,120.480843,31.529429
2022-12-21 19:29:52,2021121390001,0.001,5.22,0,0.85,m³,688,178,0.308,2,LIN,#590707,1,卧式,120.476315,31.53130458,江苏省无锡市新吴区新秦路,6167,5,4,149,100,4.27,3000,3000,16,29220,0,0,0,3,0,0,120.480843,31.529429
2022-12-21 19:24:51,2021121390001,0.001,5.36,0,0.873,m³,707,181,0.308,2,LIN,#590707,1,卧式,120.476315,31.53130458,江苏省无锡市新吴区新秦路,6162,5,4,149,100,4.27,3000,3000,16,29220,0,0,0,3,0,0,120.480843,31.529429
2022-12-21 19:19:51,2021121390001,0.001,5.28,0,0.861,m³,697,180,0.308,2,LIN,#590707,1,卧式,120.476315,31.53130458,江苏省无锡市新吴区新秦路,6157,5,4,149,100,4.27,3000,3000,16,29220,0,0,0,3,0,0,120.480843,31.529429
2022-12-21 19:14:51,2021121390001,0.001,5.28,0,0.861,m³,697,180,0.308,2,LIN,#590707,1,卧式,120.476315,31.53130458,江苏省无锡市新吴区新秦路,6152,6,4,149,100,4.27,3000,3000,16,29220,0,0,0,3,0,0,120.480843,31.529429
2022-12-21 19:09:52,2021121390001,0.001,5.43,0,0.885,m³,716,183,0.308,2,LIN,#590707,1,卧式,120.476315,31.53130458,江苏省无锡市新吴区新秦路,6147,6,4,149,100,4.27,3000,3000,16,29220,0,0,0,4,0,0,120.480843,31.529429
2022-12-21 19:04:51,2021121390001,0.001,5.28,0,0.861,m³,697,180,0.309,2,LIN,#590707,1,卧式,120.476315,31.53130458,江苏省无锡市新吴区新秦路,6142,6,4,149,100,4.27,3000,3000,16,29220,0,0,0,4,0,0,120.480843,31.529429
2022-12-21 18:54:57,2021121390001,0.001,5.28,0,0.861,m³,697,180,0.308,2,LIN,#590707,1,卧式,120.476315,31.53130458,江苏省无锡市新吴区新秦路,6142,6,5,149,100,4.27,3000,3000,16,29220,0,0,0,4,0,0,120.480843,31.529429
2022-12-21 18:49:52,2021121390001,0.001,5.22,0,0.85,m³,688,178,0.308,2,LIN,#590707,1,卧式,120.476315,31.53130458,江苏省无锡市新吴区新秦路,6127,7,5,149,100,4.27,3000,3000,16,29220,0,0,0,4,0,0,120.480843,31.529429
2022-12-21 18:44:52,2021121390001,0.001,5.22,0,0.85,m³,688,178,0.309,2,LIN,#590707,1,卧式,120.476315,31.53130458,江苏省无锡市新吴区新秦路,6122,7,5,149,100,4.27,3000,3000,16,29220,0,0,0,4,0,0,120.480843,31.529429
2022-12-21 18:39:52,2021121390001,0.001,5.22,0,0.85,m³,688,178,0.309,2,LIN,#590707,1,卧式,120.476315,31.53130458,江苏省无锡市新吴区新秦路,6117,7,5,149,100,4.27,3000,3000,16,29220,0,0,0,5,0,0,120.480843,31.529429
2022-12-21 18:34:52,2021121390001,0.001,5.36,0,0.873,m³,707,181,0.308,2,LIN,#590707,1,卧式,120.476315,31.53130458,江苏省无锡市新吴区新秦路,6112,7,5,149,100,4.27,3000,3000,16,29220,0,0,0,5,0,0,120.480843,31.529429
2022-12-21 18:29:52,2021121390001,0.001,5.22,0,0.85,m³,688,178,0.308,2,LIN,#590707,1,卧式,120.476315,31.53130458,江苏省无锡市新吴区新秦路,6107,7,5,149,100,4.27,3000,3000,16,29220,0,0,0,5,0,0,120.480843,31.529429
2022-12-21 18:24:52,2021121390001,0.001,5.36,0,0.873,m³,707,181,0.309,2,LIN,#590707,1,卧式,120.476315,31.53130458,江苏省无锡市新吴区新秦路,6102,7,5,149,100,4.27,3000,3000,16,29220,0,0,0,5,0,0,120.480843,31.529429
2022-12-21 18:14:56,2021121390001,0.001,5.36,0,0.873,m³,707,181,0.309,2,LIN,#590707,1,卧式,120.476315,31.53130458,江苏省无锡市新吴区新秦路,6092,8,6,149,100,4.27,3000,3000,16,29220,0,0,0,5,0,0,120.480843,31.529429
2022-12-21 18:09:53,2021121390001,0.001,5.36,0,0.873,m³,707,181,0.309,2,LIN,#590707,1,卧式,120.476315,31.53130458,江苏省无锡市新吴区新秦路,6087,8,6,149,100,4.27,3000,3000,16,29220,0,0,0,5,0,0,120.480843,31.529429
2022-12-21 18:04:52,2021121390001,0.001,5.43,0,0.885,m³,716,183,0.31,2,LIN,#590707,1,卧式,120.476315,31.53130458,江苏省无锡市新吴区新秦路,6082,8,6,149,100,4.27,3000,3000,16,29220,0,0,0,6,0,0,120.480843,31.529429
2022-12-21 17:59:52,2021121390001,0.001,5.28,0,0.861,m³,697,180,0.309,2,LIN,#590707,1,卧式,120.476315,31.53130458,江苏省无锡市新吴区新秦路,6077,8,6,149,100,4.27,3000,3000,16,29220,0,0,0,6,0,0,120.480843,31.529429
2022-12-21 17:54:52,2021121390001,0.001,5.28,0,0.861,m³,697,180,0.309,2,LIN,#590707,1,卧式,120.476315,31.53130458,江苏省无锡市新吴区新秦路,6072,8,6,149,100,4.27,3000,3000,16,29220,0,0,0,6,0,0,120.480843,31.529429
2022-12-21 17:49:52,2021121390001,0.001,5.5,0,0.896,m³,725,185,0.309,2,LIN,#590707,1,卧式,120.476315,31.53130458,江苏省无锡市新吴区新秦路,6067,8,7,149,100,4.27,3000,3000,16,29220,0,0,0,6,0,0,120.480843,31.529429
2022-12-21 17:44:52,2021121390001,0.001,5.22,0,0.85,m³,688,178,0.309,2,LIN,#590707,1,卧式,120.476315,31.53130458,江苏省无锡市新吴区新秦路,6062,8,7,149,100,4.27,3000,3000,16,29220,0,0,0,6,0,0,120.480843,31.529429
2022-12-21 17:39:52,2021121390001,0.001,5.22,0,0.85,m³,688,178,0.309,2,LIN,#590707,1,卧式,120.476315,31.53130458,江苏省无锡市新吴区新秦路,6057,8,7,149,100,4.27,3000,3000,16,29220,0,0,0,6,0,0,120.480843,31.529429
2022-12-21 17:39:52,2021121390001,0.001,5.22,0,0.85,m³,688,178,0.309,2,LIN,#590707,1,卧式,120.476315,31.53130458,江苏省无锡市新吴区新秦路,6057,8,7,149,100,4.27,3000,3000,16,29220,0,0,0,6,0,0,120.480843,31.529429
2022-12-21 17:34:52,2021121390001,0.001,5.07,0,0.826,m³,669,175,0.31,2,LIN,#590707,1,卧式,120.476315,31.53130458,江苏省无锡市新吴区新秦路,6052,8,7,149,100,4.27,3000,3000,16,29220,0,0,0,7,0,0,120.480843,31.529429
2022-12-21 17:29:52,2021121390001,0.001,5.22,0,0.85,m³,688,178,0.31,2,LIN,#590707,1,卧式,120.476315,31.53130458,江苏省无锡市新吴区新秦路,6047,9,7,149,100,4.27,3000,3000,16,29220,0,0,0,7,0,0,120.480843,31.529429
2022-12-21 17:24:53,2021121390001,0.001,5.43,0,0.885,m³,716,183,0.309,2,LIN,#590707,1,卧式,120.476315,31.53130458,江苏省无锡市新吴区新秦路,6042,9,7,149,100,4.27,3000,3000,16,29220,0,0,0,7,0,0,120.480843,31.529429
2022-12-21 17:19:52,2021121390001,0.001,5.57,0,0.908,m³,735,186,0.309,2,LIN,#590707,1,卧式,120.476315,31.53130458,江苏省无锡市新吴区新秦路,6037,9,8,149,100,4.27,3000,3000,16,29220,0,0,0,7,0,0,120.480843,31.529429
2022-12-21 17:19:52,2021121390001,0.001,5.57,0,0.908,m³,735,186,0.309,2,LIN,#590707,1,卧式,120.476315,31.53130458,江苏省无锡市新吴区新秦路,6037,9,8,149,100,4.27,3000,3000,16,29220,0,0,0,7,0,0,120.480843,31.529429
2022-12-21 17:14:53,2021121390001,0.001,5.36,0,0.873,m³,707,181,0.309,2,LIN,#590707,1,卧式,120.476315,31.53130458,江苏省无锡市新吴区新秦路,6032,9,7,149,100,4.27,3000,3000,16,29220,0,0,0,7,0,0,120.480843,31.529429
2022-12-21 17:09:52,2021121390001,0.001,5.36,0,0.873,m³,707,181,0.309,2,LIN,#590707,1,卧式,120.476315,31.53130458,江苏省无锡市新吴区新秦路,6027,9,7,149,100,4.27,3000,3000,16,29220,0,0,0,7,0,0,120.480843,31.529429
2022-12-21 17:04:52,2021121390001,0.001,5.5,0,0.896,m³,725,185,0.31,2,LIN,#590707,1,卧式,120.476315,31.53130458,江苏省无锡市新吴区新秦路,6022,9,8,149,100,4.27,3000,3000,16,29220,0,0,0,7,0,0,120.480843,31.529429
2022-12-21 16:59:52,2021121390001,0.001,5.36,0,0.873,m³,707,181,0.309,2,LIN,#590707,1,卧式,120.476315,31.53130458,江苏省无锡市新吴区新秦路,6017,9,8,149,100,4.27,3000,3000,16,29220,0,0,0,7,0,0,120.480843,31.529429
2022-12-21 16:54:52,2021121390001,0.001,5.28,0,0.861,m³,697,180,0.309,2,LIN,#590707,1,卧式,120.476315,31.53130458,江苏省无锡市新吴区新秦路,6012,9,8,149,100,4.27,3000,3000,16,29220,0,0,0,7,0,0,120.480843,31.529429
2022-12-21 16:49:52,2021121390001,0.001,5.36,0,0.873,m³,707,181,0.31,2,LIN,#590707,1,卧式,120.476315,31.53130458,江苏省无锡市新吴区新秦路,6007,9,8,149,100,4.27,3000,3000,16,29220,0,0,0,8,0,0,120.480843,31.529429
2022-12-21 16:44:52,2021121390001,0.001,5.36,0,0.873,m³,707,181,0.31,2,LIN,#590707,1,卧式,120.476315,31.53130458,江苏省无锡市新吴区新秦路,6002,9,8,149,100,4.27,3000,3000,16,29220,0,0,0,8,0,0,120.480843,31.529429
2022-12-21 16:39:52,2021121390001,0.001,5.36,0,0.873,m³,707,181,0.31,2,LIN,#590707,1,卧式,120.476315,31.53130458,江苏省无锡市新吴区新秦路,5997,10,8,149,100,4.27,3000,3000,16,29220,0,0,0,8,0,0,120.480843,31.529429
2022-12-21 16:34:52,2021121390001,0.001,5.07,0,0.826,m³,669,175,0.31,2,LIN,#590707,1,卧式,120.476315,31.53130458,江苏省无锡市新吴区新秦路,5992,10,8,149,100,4.27,3000,3000,16,29220,0,0,0,8,0,0,120.480843,31.529429
2022-12-21 16:29:52,2021121390001,0.001,5.14,0,0.838,m³,678,176,0.309,2,LIN,#590707,1,卧式,120.476315,31.53130458,江苏省无锡市新吴区新秦路,5987,10,8,149,100,4.27,3000,3000,16,29220,0,0,0,8,0,0,120.480843,31.529429
2022-12-22 08:40:44,2021121390002,0.016,86.16,99.83,10.962,m³,12529,1643,0.352,1,LOX,#F71515,1,卧式,121.4073642,31.37719949,上海市宝山区富联路1166号,20,-2,-9,149,100,4.28,3000,3000,16,1568,282,0,0,-8,0,0,121.412028,31.375421
2022-12-22 08:35:44,2021121390002,0.015,85.27,99.83,10.849,m³,12400,1625,0.347,1,LOX,#F71515,1,卧式,121.4074439,31.37711487,上海市宝山区富联路1166号,15,-3,-9,149,100,4.27,3000,3000,16,1568,282,0,0,-8,0,0,121.412107,31.375336
2022-12-22 08:30:44,2021121390002,0.015,85.11,99.83,10.828,m³,12376,1622,0.351,1,LOX,#F71515,1,卧式,121.4074599,31.37712111,上海市宝山区富联路1166号,10,-3,-10,149,100,4.28,3000,3000,16,1568,282,0,0,-8,0,0,121.412123,31.375342
2022-12-22 08:25:44,2021121390002,0.015,84.79,99.83,10.787,m³,12329,1616,0.348,1,LOX,#F71515,1,卧式,121.4074674,31.37740519,上海市宝山区富联路1166号,5,-3,-10,149,100,4.28,3000,3000,16,1568,282,0,0,-8,0,0,121.412131,31.375626
2022-12-22 08:21:12,2021121390002,0.015,84.95,99.83,10.808,m³,12353,1619,0.348,1,LOX,#F71515,1,卧式,0,0,——,0,-3,-11,149,100,4.27,3000,3000,16,1568,282,0,0,-9,0,0,0.015498,0.002728
2022-12-21 19:06:13,2021121390002,0.009,48.97,99.83,6.231,m³,7122,1011,0.479,1,LOX,#F71515,1,卧式,121.4074197,31.37738431,上海市宝山区富联路1166号,764,-17,-36,149,100,4.28,3000,3000,3,1568,282,0,0,-18,0,0,121.412083,31.375605
2022-12-21 19:01:35,2021121390002,0.007,36.45,99.83,4.638,m³,5301,812,0.48,1,LOX,#F71515,1,卧式,121.4106569,31.37329579,上海市宝山区富联路889号,759,-19,-39,149,100,4.28,3000,3000,3,1568,282,0,0,-19,0,0,121.415319,31.371515
2022-12-21 18:56:16,2021121390002,0.008,39.57,99.83,5.035,m³,5755,862,0.48,1,LOX,#F71515,1,卧式,121.397099,31.36361834,上海市宝山区宝安公路1158号,754,-21,-41,149,100,4.28,3000,3000,3,1568,282,0,0,-21,0,0,121.401761,31.361835
2022-12-21 18:51:14,2021121390002,0.009,45.89,99.83,5.839,m³,6673,963,0.48,1,LOX,#F71515,1,卧式,121.3734615,31.36172108,上海市宝山区宝安公路1802号,749,-23,-44,149,100,4.28,3000,3000,3,1568,282,0,0,-22,0,0,121.378104,31.359921
2022-12-21 18:44:13,2021121390002,0.009,43.44,99.83,5.527,m³,6317,924,0.482,1,LOX,#F71515,1,卧式,121.3446836,31.35315073,上海市宝山区宝安公路2320号,742,-27,-49,149,100,4.28,3000,3000,3,0,0,0,0,0,0,0,121.349274,31.351304
2022-12-21 18:39:13,2021121390002,0.01,51.65,99.83,6.571,m³,7510,1054,0.483,1,LOX,#F71515,1,卧式,121.3702893,31.32732998,上海市宝山区S20(环西二大道),737,-30,-53,149,100,4.28,3000,3000,3,0,0,0,0,0,0,0,121.374925,31.325514
2022-12-21 18:34:14,2021121390002,0.008,40.99,99.83,5.216,m³,5961,885,0.482,1,LOX,#F71515,1,卧式,121.3660663,31.28665589,上海市普陀区武威路995号,732,-33,-57,149,100,4.28,3000,3000,3,0,0,0,0,0,0,0,121.370692,31.284819
2022-12-21 18:32:14,2021121390002,0.008,41.51,99.83,5.281,m³,6036,893,0.483,1,LOX,#F71515,1,卧式,121.3654426,31.26913573,上海市嘉定区S20(外环沪宁沪杭铁路立交桥),730,-35,-60,149,100,4.28,3000,3000,3,1568,282,0,0,-32,0,0,121.370066,31.26729
2022-12-21 18:31:13,2021121390002,0.009,46.41,99.83,5.905,m³,6749,971,0.483,1,LOX,#F71515,1,卧式,121.36185,31.26183194,上海市嘉定区S20(外环高速),729,-35,-61,149,100,4.28,3000,3000,3,1568,282,0,0,-33,0,0,121.366466,31.259978
2022-12-21 18:22:14,2021121390002,0.008,40.99,99.83,5.216,m³,5961,885,0.483,1,LOX,#F71515,1,卧式,121.3648043,31.18944546,上海市闵行区S20(外环沪青平立交桥),720,-43,-72,149,100,4.28,3000,3000,3,1568,282,0,0,-40,0,0,121.369419,31.187562
2022-12-21 18:21:13,2021121390002,0.009,47.02,99.83,5.983,m³,6838,981,0.484,1,LOX,#F71515,1,卧式,121.366611,31.18129875,上海市闵行区航北路26号,719,-44,-73,149,100,4.28,3000,3000,3,1568,282,0,0,-41,0,0,121.371228,31.179414
2022-12-21 18:20:13,2021121390002,0.009,44.26,99.83,5.631,m³,6436,937,0.484,1,LOX,#F71515,1,卧式,121.3697642,31.17341075,上海市闵行区S20(外环高速),718,-45,-75,149,100,4.28,3000,3000,3,1568,282,0,0,-42,0,0,121.374386,31.171526
2022-12-21 18:15:13,2021121390002,0.009,48.77,99.83,6.205,m³,7092,1008,0.486,1,LOX,#F71515,1,卧式,121.3927125,31.12842269,上海市闵行区报春路539弄,713,-50,-83,149,100,4.28,3000,3000,3,1568,282,0,0,-47,0,0,121.397353,31.126534
2022-12-21 18:14:13,2021121390002,0.01,54.11,99.83,6.884,m³,7868,1093,0.484,1,LOX,#F71515,1,卧式,121.4017621,31.1244359,上海市闵行区莘庄立交,712,-52,-85,149,100,4.28,3000,3000,3,1568,282,0,0,-48,0,0,121.406404,31.122547
2022-12-21 18:12:14,2021121390002,0.009,44.05,99.83,5.605,m³,6406,933,0.486,1,LOX,#F71515,1,卧式,121.4253583,31.1258224,上海市闵行区莘朱路1365号2层,710,-55,-89,149,100,4.28,3000,3000,3,1568,282,0,0,-50,0,0,121.429986,31.123923
2022-12-21 18:11:16,2021121390002,0.009,47.74,99.83,6.074,m³,6942,992,0.486,1,LOX,#F71515,1,卧式,121.4380222,31.12778086,上海市闵行区朱梅路145号,709,-56,-90,149,100,4.28,3000,3000,3,1568,282,0,0,-51,0,0,121.442631,31.125866
2022-12-21 18:06:13,2021121390002,0.009,46.51,99.83,5.918,m³,6764,972,0.486,1,LOX,#F71515,1,卧式,121.4902637,31.13679439,上海市浦东新区小黄浦桥,704,-63,-101,149,100,4.28,3000,3000,3,1568,282,0,0,-58,0,0,121.494722,31.134758
2022-12-21 18:01:13,2021121390002,0.009,44.97,99.83,5.722,m³,6540,948,0.487,1,LOX,#F71515,1,卧式,121.5421461,31.14465145,上海市浦东新区S20(杨高南路立交桥),699,-72,-112,149,100,4.28,3000,3000,3,1568,282,0,0,-66,0,0,121.546429,31.142473
2022-12-21 17:56:13,2021121390002,0.01,50.21,99.83,6.388,m³,7301,1031,0.487,1,LOX,#F71515,1,卧式,121.5992691,31.1541791,上海市浦东新区外环罗山路立交桥,694,-81,-122,149,100,4.28,3000,3000,3,1568,282,0,0,-75,0,0,121.603464,31.151939
2022-12-21 17:51:13,2021121390002,0.009,43.13,99.83,5.488,m³,6272,919,0.487,1,LOX,#F71515,1,卧式,121.6132585,31.12166625,上海市浦东新区X369(周邓公路),689,-91,-132,149,100,4.28,3000,3000,3,1568,282,0,0,-86,0,0,121.617454,31.119414
2022-12-21 17:46:13,2021121390002,0.008,41.8,99.83,5.319,m³,6079,898,0.486,1,LOX,#F71515,1,卧式,121.6265885,31.12296206,上海市浦东新区创业路383号,684,-104,-143,149,100,4.28,3000,3000,3,1568,282,0,0,-98,0,0,121.630794,31.120722
2022-12-21 17:41:13,2021121390002,0.007,33.27,99.83,4.233,m³,4838,760,0.486,1,LOX,#F71515,1,卧式,121.6342827,31.10933073,上海市浦东新区X360(康新公路),679,-118,-144,149,100,4.28,3000,3000,3,1568,282,0,0,-112,0,0,121.638497,31.107093
2022-12-21 17:36:13,2021121390002,0.01,49.9,99.83,6.349,m³,7256,1026,0.486,1,LOX,#F71515,1,卧式,121.6377506,31.08297186,上海市浦东新区X360(康新公路),674,-138,-144,149,100,4.28,3000,3000,3,1568,282,0,0,-132,0,0,121.641967,31.080725
2022-12-21 17:31:13,2021121390002,0.008,41.51,99.83,5.281,m³,6036,893,0.492,1,LOX,#F71515,1,卧式,121.6448398,31.08338133,上海市浦东新区新瀚路,669,-144,-144,149,100,4.28,3000,3000,3,1568,282,0,0,-153,0,0,121.649068,31.081145
2022-12-21 17:26:13,2021121390002,0.008,41.7,99.83,5.306,m³,6064,896,0.5,1,LOX,#F71515,1,卧式,121.6448317,31.08337713,上海市浦东新区新瀚路,664,-149,-144,149,100,4.28,3000,3000,3,1568,282,0,0,-158,0,0,121.649059,31.081141
2022-12-21 17:23:13,2021121390002,0.009,43.13,99.83,5.488,m³,6272,919,0.493,1,LOX,#F71515,1,卧式,121.6448317,31.08337713,上海市浦东新区新瀚路,661,-151,-143,149,100,4.28,3000,3000,3,1568,110,72,0,-158,0,0,121.649059,31.081141
2022-12-21 17:18:13,2021121390002,0.009,49.18,99.83,6.257,m³,7151,1015,0.473,1,LOX,#F71515,1,卧式,121.6448476,31.08335133,上海市浦东新区新瀚路,656,-153,-136,149,100,4.28,3000,3000,3,1568,715,0,0,-155,0,0,121.649075,31.081115
2022-12-21 17:13:13,2021121390002,0.008,41.8,99.83,5.319,m³,6079,898,0.47,1,LOX,#F71515,1,卧式,121.6427947,31.08118394,上海市浦东新区古丹路,651,-152,-139,149,100,4.28,3000,3000,3,1568,715,0,0,-116,0,0,121.647019,31.078943
2022-12-21 17:12:15,2021121390002,0.009,45.89,99.83,5.839,m³,6673,963,0.47,1,LOX,#F71515,1,卧式,121.6401202,31.08109473,上海市浦东新区古丹路,650,-153,-139,149,100,4.28,3000,3000,3,1568,715,0,0,-118,0,0,121.64434,31.07885
2022-12-21 17:11:13,2021121390002,0.006,26.97,99.83,3.432,m³,3922,654,0.472,1,LOX,#F71515,1,卧式,121.6383396,31.0808252,上海市浦东新区X360(康新公路),649,-153,-139,149,100,4.28,3000,3000,3,1568,715,0,0,-112,0,0,121.642557,31.078578
2022-12-21 17:06:13,2021121390002,0.01,49.8,99.83,6.336,m³,7242,1024,0.47,1,LOX,#F71515,1,卧式,121.6439912,31.05930337,上海市浦东新区X360(康新公路),644,-152,-139,149,100,4.28,3000,3000,3,1568,715,0,0,-111,0,0,121.648216,31.057052
2022-12-21 17:01:13,2021121390002,0.009,47.94,99.83,6.1,m³,6972,995,0.47,1,LOX,#F71515,1,卧式,121.6352396,31.05062095,上海市浦东新区航三路,639,-147,-140,149,100,4.28,3000,3000,3,1568,715,0,0,-126,0,0,121.63945,31.048352
2022-12-21 16:56:16,2021121390002,0.009,45.79,99.83,5.826,m³,6659,961,0.466,1,LOX,#F71515,1,卧式,121.6174531,31.04551323,上海市浦东新区航都路,634,-146,-141,149,100,4.28,3000,3000,3,1568,715,0,0,-149,0,0,121.621644,31.043221
2022-12-21 16:51:14,2021121390002,0.009,43.85,99.83,5.579,m³,6376,930,0.475,1,LOX,#F71515,1,卧式,121.6091854,31.03570339,上海市浦东新区航鸣路19,629,-152,-136,149,100,4.28,3000,3000,3,1568,715,0,0,-161,0,0,121.613371,31.0334
2022-12-21 16:46:13,2021121390002,0.008,41.91,99.83,5.332,m³,6094,899,0.477,1,LOX,#F71515,1,卧式,121.6093064,31.03523945,上海市浦东新区航鸣路12号,624,-154,-136,149,100,4.28,3000,3000,3,1568,715,0,0,-161,0,0,121.613493,31.032936
2022-12-21 16:41:13,2021121390002,0.008,41.8,99.83,5.319,m³,6079,898,0.478,1,LOX,#F71515,1,卧式,121.6092983,31.0352374,上海市浦东新区航鸣路12号,619,-153,-136,149,100,4.28,3000,3000,3,1568,715,0,0,-161,0,0,121.613484,31.032934
2022-12-21 16:32:15,2021121390002,0.009,44.56,99.83,5.67,m³,6480,942,0.472,1,LOX,#F71515,1,卧式,121.6092983,31.03523551,上海市浦东新区航鸣路12号,610,-152,-144,149,100,4.28,3000,3000,3,1568,358,93,0,-159,0,0,121.613484,31.032932
2022-12-21 16:27:13,2021121390002,0.009,47.43,99.83,6.035,m³,6898,987,0.449,1,LOX,#F71515,1,卧式,121.6092982,31.03524147,上海市浦东新区航鸣路12号,605,-154,-135,149,100,4.28,3000,3000,3,1568,0,0,0,-160,0,0,121.613484,31.032938
